algorithm,alpha,gamma,epsilon_decay,epsilon_min,episodes,seeds,validation_return_mean,validation_return_std,validation_fill_rate_mean
q_learning,0.2,0.99,0.999,0.03,600,3,985.1196823333335,17.697213685153052,0.9418816868493501
q_learning,0.2,0.99,0.999,0.05,600,3,985.1196823333335,17.697213685153052,0.9418816868493501
q_learning,0.2,0.95,0.999,0.03,600,3,739.5544908666669,115.69338311837716,0.8546468606499459
q_learning,0.2,0.95,0.999,0.05,600,3,739.5544908666669,115.69338311837716,0.8546468606499459
q_learning,0.2,0.99,0.996,0.05,600,3,615.7733362666669,109.17477757796969,0.8280884209728887
q_learning,0.2,0.99,0.996,0.03,600,3,615.7733362666669,109.17477757796969,0.8280884209728887
q_learning,0.2,0.95,0.992,0.05,600,3,520.2020744000001,157.02453327087795,0.7978974032141819
q_learning,0.2,0.99,0.992,0.05,600,3,505.1214312666668,84.73696587476773,0.7957937370318436
q_learning,0.2,0.95,0.996,0.05,600,3,464.6310758666668,180.50482206185168,0.7887220394740903
q_learning,0.2,0.95,0.996,0.03,600,3,464.6310758666668,180.50482206185168,0.7887220394740903
q_learning,0.2,0.9,0.999,0.05,600,3,461.2536694000001,194.61692773737613,0.776841931320528
q_learning,0.2,0.9,0.999,0.03,600,3,461.2536694000001,194.61692773737613,0.776841931320528
sarsa,0.2,0.95,0.992,0.03,600,3,392.3241510000001,203.3278946659492,0.7637919073471559
q_learning,0.2,0.99,0.992,0.03,600,3,386.77676660000003,44.58907290063194,0.7658200637052305
sarsa,0.2,0.99,0.992,0.03,600,3,363.3532307333335,144.34075007123275,0.7456200972984831
q_learning,0.2,0.95,0.992,0.03,600,3,351.1154853333334,271.77696755959727,0.7546334175849476
sarsa,0.2,0.99,0.992,0.05,600,3,344.7025637333334,188.43094048019626,0.7368797421344149
sarsa,0.2,0.95,0.996,0.03,600,3,340.08080220000005,59.83024779725085,0.7450014197885891
sarsa,0.2,0.95,0.996,0.05,600,3,340.08080220000005,59.83024779725085,0.7450014197885891
sarsa,0.2,0.99,0.996,0.05,600,3,287.28062700000004,112.63676389531554,0.728371308927653
sarsa,0.2,0.99,0.996,0.03,600,3,287.28062700000004,112.63676389531554,0.728371308927653
sarsa,0.2,0.95,0.992,0.05,600,3,252.53731926666669,133.1605993195228,0.7229228402434185
q_learning,0.2,0.9,0.996,0.05,600,3,222.93083320000008,291.72509345524804,0.7156241450061572
q_learning,0.2,0.9,0.996,0.03,600,3,222.93083320000008,291.72509345524804,0.7156241450061572
q_learning,0.2,0.9,0.992,0.03,600,3,220.23926940000004,297.3641821388879,0.7195335593489541
q_learning,0.1,0.95,0.996,0.05,600,3,215.74512513333343,123.24014949163661,0.7152130999519862
q_learning,0.1,0.95,0.996,0.03,600,3,215.74512513333343,123.24014949163661,0.7152130999519862
sarsa,0.1,0.99,0.992,0.03,600,3,174.2781922666668,170.71848647422695,0.7014284402102948
q_learning,0.2,0.9,0.992,0.05,600,3,138.94073686666673,55.51596016984208,0.6901796561120968
sarsa,0.2,0.9,0.996,0.03,600,3,131.0917151333334,46.764479498025445,0.6835635590845438
sarsa,0.2,0.9,0.996,0.05,600,3,131.0917151333334,46.764479498025445,0.6835635590845438
q_learning,0.1,0.99,0.996,0.03,600,3,123.41308200000009,96.65848296056407,0.6949377675416443
q_learning,0.1,0.99,0.996,0.05,600,3,123.41308200000009,96.65848296056407,0.6949377675416443
sarsa,0.1,0.99,0.992,0.05,600,3,120.14867586666675,81.48342195686071,0.6882065495945549
q_learning,0.1,0.99,0.992,0.03,600,3,74.40472040000009,93.73868506774683,0.6893051073060841
q_learning,0.1,0.99,0.999,0.03,600,3,34.28538166666673,58.38412693223488,0.670741902460279
q_learning,0.1,0.99,0.999,0.05,600,3,34.28538166666673,58.38412693223488,0.670741902460279
q_learning,0.1,0.9,0.996,0.05,600,3,27.01653260000009,101.0309227496945,0.6636262792346126
q_learning,0.1,0.9,0.996,0.03,600,3,27.01653260000009,101.0309227496945,0.6636262792346126
q_learning,0.1,0.99,0.992,0.05,600,3,21.244511800000087,80.24006952997932,0.6728011163796915
q_learning,0.1,0.95,0.992,0.03,600,3,-7.898322266666582,241.97244505593838,0.6661151394459495
sarsa,0.2,0.9,0.992,0.03,600,3,-30.524750333333277,276.925156931162,0.6425017825891931
sarsa,0.1,0.99,0.996,0.03,600,3,-31.044851466666586,221.2305522718619,0.6395210615985064
sarsa,0.1,0.99,0.996,0.05,600,3,-31.044851466666586,221.2305522718619,0.6395210615985064
sarsa,0.2,0.9,0.992,0.05,600,3,-33.936169133333244,227.1109771308858,0.6404988312220175
q_learning,0.1,0.9,0.992,0.03,600,3,-36.72689806666657,119.76231195712403,0.6555325904152659
q_learning,0.05,0.99,0.996,0.03,600,3,-68.47112446666658,73.58806712238264,0.6416797179857283
q_learning,0.05,0.99,0.996,0.05,600,3,-68.47112446666658,73.58806712238264,0.6416797179857283
q_learning,0.1,0.95,0.992,0.05,600,3,-83.71350373333324,80.49568357740424,0.6475686590284289
sarsa,0.1,0.9,0.992,0.03,600,3,-98.50777313333327,273.71795324264735,0.6296194366731162
sarsa,0.1,0.95,0.992,0.03,600,3,-108.27915393333329,269.4416878348219,0.635699258835444
q_learning,0.1,0.9,0.992,0.05,600,3,-163.9254291999999,96.60699625657004,0.6258437475971795
sarsa,0.1,0.95,0.996,0.03,600,3,-170.59172853333328,250.7258155758198,0.59888914493053
sarsa,0.1,0.95,0.996,0.05,600,3,-170.59172853333328,250.7258155758198,0.59888914493053
sarsa,0.1,0.95,0.992,0.05,600,3,-173.12685213333327,205.76436880221584,0.6128665679929173
sarsa,0.1,0.9,0.996,0.03,600,3,-211.40322773333332,252.74802752518397,0.5927517084339651
sarsa,0.1,0.9,0.996,0.05,600,3,-211.40322773333332,252.74802752518397,0.5927517084339651
q_learning,0.05,0.99,0.992,0.03,600,3,-227.76427286666657,204.89062475739354,0.6123033163478081
sarsa,0.05,0.99,0.996,0.05,600,3,-230.19553053333325,164.3044981199837,0.5940849213030313
sarsa,0.05,0.99,0.996,0.03,600,3,-230.19553053333325,164.3044981199837,0.5940849213030313
q_learning,0.1,0.9,0.999,0.05,600,3,-264.70770753333335,238.07608200902752,0.5885544093607132
q_learning,0.1,0.9,0.999,0.03,600,3,-264.70770753333335,238.07608200902752,0.5885544093607132
sarsa,0.05,0.95,0.992,0.03,600,3,-276.5032856666665,110.41112161969099,0.5792003497487402
q_learning,0.1,0.95,0.999,0.05,600,3,-281.67696686666653,206.07490917165717,0.5864585449982587
q_learning,0.1,0.95,0.999,0.03,600,3,-281.67696686666653,206.07490917165717,0.5864585449982587
q_learning,0.05,0.95,0.996,0.03,600,3,-286.4478570666666,97.4819275416232,0.5816573364661378
q_learning,0.05,0.95,0.996,0.05,600,3,-286.4478570666666,97.4819275416232,0.5816573364661378
q_learning,0.05,0.99,0.992,0.05,600,3,-295.33087319999987,212.34364549427494,0.6055967422065746
sarsa,0.1,0.9,0.992,0.05,600,3,-322.1378329333333,75.76601840649488,0.5954264462600349
q_learning,0.05,0.95,0.992,0.03,600,3,-370.98163159999996,159.861292266852,0.5759070509010732
q_learning,0.05,0.95,0.992,0.05,600,3,-380.6569732,230.18195862497868,0.5668818678058879
sarsa,0.05,0.9,0.996,0.05,600,3,-382.1848598666666,176.14979397271162,0.5539215187057326
sarsa,0.05,0.9,0.996,0.03,600,3,-382.1848598666666,176.14979397271162,0.5539215187057326
sarsa,0.05,0.99,0.992,0.03,600,3,-388.7143129333333,194.17003891073043,0.5691100447240988
sarsa,0.05,0.95,0.992,0.05,600,3,-432.84596313333327,275.22968020799016,0.5510167064074319
sarsa,0.05,0.99,0.992,0.05,600,3,-467.4364272666666,98.15406714901243,0.5589715305399903
sarsa,0.05,0.95,0.996,0.05,600,3,-479.1266107999998,111.13266398353498,0.5354296957792031
sarsa,0.05,0.95,0.996,0.03,600,3,-479.1266107999998,111.13266398353498,0.5354296957792031
q_learning,0.05,0.9,0.992,0.03,600,3,-481.5761201333333,119.96747901117179,0.5464466768685854
q_learning,0.05,0.9,0.996,0.03,600,3,-520.4613230666665,128.3410448191883,0.5239115895823443
q_learning,0.05,0.9,0.996,0.05,600,3,-520.4613230666665,128.3410448191883,0.5239115895823443
q_learning,0.05,0.9,0.992,0.05,600,3,-612.7565422666667,330.3184286283841,0.4888826294375952
sarsa,0.05,0.9,0.992,0.03,600,3,-614.8370009333333,250.83042345358564,0.5101855268093538
sarsa,0.05,0.9,0.992,0.05,600,3,-669.9105136,156.59981337704954,0.5031593035884103
sarsa,0.2,0.9,0.999,0.03,600,3,-728.2814966666668,155.10495375968696,0.4606923405386387
sarsa,0.2,0.9,0.999,0.05,600,3,-728.2814966666668,155.10495375968696,0.4606923405386387
sarsa,0.2,0.99,0.999,0.03,600,3,-764.2117388666667,435.7717612015689,0.4542324923254424
sarsa,0.2,0.99,0.999,0.05,600,3,-764.2117388666667,435.7717612015689,0.4542324923254424
sarsa,0.2,0.95,0.999,0.03,600,3,-859.2257810666666,385.58981275277705,0.4320707422270727
sarsa,0.2,0.95,0.999,0.05,600,3,-859.2257810666666,385.58981275277705,0.4320707422270727
sarsa,0.1,0.99,0.999,0.03,600,3,-872.6647528666666,135.98783246548393,0.44025602127740376
sarsa,0.1,0.99,0.999,0.05,600,3,-872.6647528666666,135.98783246548393,0.44025602127740376
q_learning,0.05,0.99,0.999,0.03,600,3,-897.4157589333332,182.48033301485574,0.4264707261053306
q_learning,0.05,0.99,0.999,0.05,600,3,-897.4157589333332,182.48033301485574,0.4264707261053306
q_learning,0.05,0.95,0.999,0.03,600,3,-952.4559011999999,302.7562203717861,0.3888982171741113
q_learning,0.05,0.95,0.999,0.05,600,3,-952.4559011999999,302.7562203717861,0.3888982171741113
q_learning,0.05,0.9,0.999,0.03,600,3,-1183.5232738,159.0602156908005,0.347367097279502
q_learning,0.05,0.9,0.999,0.05,600,3,-1183.5232738,159.0602156908005,0.347367097279502
sarsa,0.1,0.95,0.999,0.03,600,3,-1297.69264,465.782010166809,0.31073124029785837
sarsa,0.1,0.95,0.999,0.05,600,3,-1297.69264,465.782010166809,0.31073124029785837
sarsa,0.05,0.99,0.999,0.03,600,3,-1304.8629248666664,273.7109786605676,0.32278985944905864
sarsa,0.05,0.99,0.999,0.05,600,3,-1304.8629248666664,273.7109786605676,0.32278985944905864
sarsa,0.1,0.9,0.999,0.03,600,3,-1369.3855017999997,452.47218037504564,0.3038229383700299
sarsa,0.1,0.9,0.999,0.05,600,3,-1369.3855017999997,452.47218037504564,0.3038229383700299
sarsa,0.05,0.9,0.999,0.03,600,3,-1393.3412018,283.72925185550974,0.2971619115581339
sarsa,0.05,0.9,0.999,0.05,600,3,-1393.3412018,283.72925185550974,0.2971619115581339
sarsa,0.05,0.95,0.999,0.05,600,3,-1534.3382946666663,192.43593261564712,0.2304138444993233
sarsa,0.05,0.95,0.999,0.03,600,3,-1534.3382946666663,192.43593261564712,0.2304138444993233
