date,sales,sell_price,calendar_type,demand_signal,split
2011-01-29,45,1.48,weekend,high,train
2011-01-30,33,1.48,weekend,high,train
2011-01-31,23,1.48,weekday,high,train
2011-02-01,13,1.48,event_or_snap,high,train
2011-02-02,8,1.48,weekday,normal,train
2011-02-03,15,1.48,event_or_snap,normal,train
2011-02-04,21,1.48,weekday,low,train
2011-02-05,26,1.48,event_or_snap,low,train
2011-02-06,21,1.48,event_or_snap,low,train
2011-02-07,23,1.48,event_or_snap,low,train
2011-02-08,22,1.48,weekday,low,train
2011-02-09,19,1.48,event_or_snap,low,train
2011-02-10,21,1.48,weekday,low,train
2011-02-11,25,1.48,event_or_snap,low,train
2011-02-12,51,1.48,event_or_snap,low,train
2011-02-13,51,1.48,event_or_snap,normal,train
2011-02-14,40,1.48,event_or_snap,normal,train
2011-02-15,41,1.48,event_or_snap,normal,train
2011-02-16,20,1.48,weekday,high,train
2011-02-17,38,1.48,weekday,high,train
2011-02-18,28,1.48,weekday,high,train
2011-02-19,42,1.48,weekend,high,train
2011-02-20,52,1.48,weekend,high,train
2011-02-21,45,1.48,event_or_snap,high,train
2011-02-22,41,1.48,weekday,high,train
2011-02-23,27,1.48,weekday,high,train
2011-02-24,21,1.48,weekday,high,train
2011-02-25,43,1.48,weekday,high,train
2011-02-26,42,1.48,weekend,high,train
2011-02-27,57,1.48,weekend,high,train
2011-02-28,30,1.48,weekday,high,train
2011-03-01,39,1.48,event_or_snap,high,train
2011-03-02,30,1.48,weekday,high,train
2011-03-03,30,1.48,event_or_snap,high,train
2011-03-04,18,1.48,weekday,high,train
2011-03-05,30,1.48,event_or_snap,high,train
2011-03-06,44,1.48,event_or_snap,high,train
2011-03-07,34,1.48,event_or_snap,normal,train
2011-03-08,23,1.48,weekday,normal,train
2011-03-09,18,1.48,event_or_snap,normal,train
2011-03-10,27,1.48,weekday,normal,train
2011-03-11,19,1.48,event_or_snap,normal,train
2011-03-12,30,1.48,event_or_snap,normal,train
2011-03-13,23,1.48,event_or_snap,normal,train
2011-03-14,29,1.48,weekday,normal,train
2011-03-15,24,1.48,event_or_snap,low,train
2011-03-16,36,1.48,event_or_snap,low,train
2011-03-17,33,1.48,event_or_snap,normal,train
2011-03-18,35,1.48,weekday,normal,train
2011-03-19,33,1.48,weekend,normal,train
2011-03-20,53,1.48,event_or_snap,normal,train
2011-03-21,36,1.48,weekday,high,train
2011-03-22,29,1.48,weekday,high,train
2011-03-23,31,1.48,weekday,high,train
2011-03-24,36,1.48,weekday,high,train
2011-03-25,29,1.48,weekday,high,train
2011-03-26,56,1.48,weekend,high,train
2011-03-27,34,1.48,weekend,high,train
2011-03-28,24,1.48,weekday,high,train
2011-03-29,22,1.48,weekday,high,train
2011-03-30,19,1.48,weekday,high,train
2011-03-31,26,1.48,weekday,normal,train
2011-04-01,40,1.48,event_or_snap,normal,train
2011-04-02,43,1.48,weekend,normal,train
2011-04-03,46,1.48,event_or_snap,normal,train
2011-04-04,31,1.48,weekday,normal,train
2011-04-05,31,1.48,event_or_snap,normal,train
2011-04-06,39,1.48,event_or_snap,high,train
2011-04-07,42,1.48,event_or_snap,high,train
2011-04-08,44,1.48,weekday,high,train
2011-04-09,88,1.48,event_or_snap,high,train
2011-04-10,66,1.48,weekend,high,train
2011-04-11,54,1.48,event_or_snap,high,train
2011-04-12,46,1.48,event_or_snap,high,train
2011-04-13,30,1.48,event_or_snap,high,train
2011-04-14,30,1.48,weekday,high,train
2011-04-15,56,1.48,event_or_snap,high,train
2011-04-16,52,1.48,weekend,high,train
2011-04-17,49,1.48,weekend,high,train
2011-04-18,57,1.48,weekday,high,train
2011-04-19,40,1.48,weekday,high,train
2011-04-20,44,1.48,weekday,high,train
2011-04-21,35,1.48,weekday,high,train
2011-04-22,49,1.48,weekday,high,train
2011-04-23,49,1.48,weekend,high,train
2011-04-24,58,1.48,event_or_snap,high,train
2011-04-25,39,1.48,weekday,high,train
2011-04-26,25,1.48,event_or_snap,high,train
2011-04-27,40,1.48,weekday,high,train
2011-04-28,39,1.48,weekday,high,train
2011-04-29,40,1.48,weekday,high,train
2011-04-30,57,1.48,weekend,high,train
2011-05-01,68,1.48,event_or_snap,high,train
2011-05-02,30,1.48,weekday,high,train
2011-05-03,35,1.48,event_or_snap,high,train
2011-05-04,37,1.48,weekday,high,train
2011-05-05,46,1.48,event_or_snap,high,train
2011-05-06,50,1.48,event_or_snap,high,train
2011-05-07,91,1.48,event_or_snap,high,train
2011-05-08,64,1.48,event_or_snap,high,train
2011-05-09,50,1.48,event_or_snap,high,train
2011-05-10,34,1.48,weekday,high,train
2011-05-11,24,1.48,event_or_snap,high,train
2011-05-12,22,1.48,event_or_snap,high,train
2011-05-13,59,1.48,event_or_snap,high,train
2011-05-14,46,1.48,weekend,high,train
2011-05-15,55,1.48,event_or_snap,high,train
2011-05-16,41,1.48,weekday,high,train
2011-05-17,43,1.48,weekday,high,train
2011-05-18,32,1.48,weekday,high,train
2011-05-19,26,1.48,weekday,high,train
2011-05-20,43,1.48,weekday,high,train
2011-05-21,55,1.48,weekend,high,train
2011-05-22,60,1.48,weekend,high,train
2011-05-23,33,1.48,weekday,high,train
2011-05-24,49,1.48,weekday,high,train
2011-05-25,29,1.48,weekday,high,train
2011-05-26,49,1.48,weekday,high,train
2011-05-27,44,1.48,weekday,high,train
2011-05-28,63,1.48,weekend,high,train
2011-05-29,42,1.48,weekend,high,train
2011-05-30,38,1.48,event_or_snap,high,train
2011-05-31,33,1.48,event_or_snap,high,train
2011-06-01,51,1.48,event_or_snap,high,train
2011-06-02,46,1.48,weekday,high,train
2011-06-03,53,1.48,event_or_snap,high,train
2011-06-04,62,1.48,weekend,high,train
2011-06-05,64,1.48,event_or_snap,high,train
2011-06-06,49,1.48,event_or_snap,high,train
2011-06-07,42,1.48,event_or_snap,high,train
2011-06-08,33,1.48,weekday,high,train
2011-06-09,31,1.48,event_or_snap,high,train
2011-06-10,39,1.48,weekday,high,train
2011-06-11,78,1.48,event_or_snap,high,train
2011-06-12,61,1.48,event_or_snap,high,train
2011-06-13,53,1.48,event_or_snap,high,train
2011-06-14,34,1.48,weekday,high,train
2011-06-15,42,1.48,event_or_snap,high,train
2011-06-16,34,1.48,weekday,high,train
2011-06-17,57,1.48,weekday,high,train
2011-06-18,65,1.48,weekend,high,train
2011-06-19,62,1.48,event_or_snap,high,train
2011-06-20,47,1.48,weekday,high,train
2011-06-21,45,1.48,weekday,high,train
2011-06-22,15,1.48,weekday,high,train
2011-06-23,25,1.48,weekday,high,train
2011-06-24,37,1.48,weekday,high,train
2011-06-25,56,1.48,weekend,high,train
2011-06-26,42,1.48,weekend,high,train
2011-06-27,27,1.48,weekday,high,train
2011-06-28,17,1.48,weekday,high,train
2011-06-29,32,1.48,weekday,normal,train
2011-06-30,34,1.48,weekday,high,train
2011-07-01,52,1.48,event_or_snap,high,train
2011-07-02,64,1.48,weekend,high,train
2011-07-03,63,1.48,event_or_snap,high,train
2011-07-04,29,1.48,event_or_snap,high,train
2011-07-05,46,1.48,event_or_snap,high,train
2011-07-06,35,1.48,event_or_snap,high,train
2011-07-07,38,1.48,event_or_snap,high,train
2011-07-08,42,1.48,weekday,high,train
2011-07-09,59,1.48,event_or_snap,high,train
2011-07-10,37,1.48,weekend,high,train
2011-07-11,58,1.48,event_or_snap,high,train
2011-07-12,40,1.48,event_or_snap,high,train
2011-07-13,44,1.48,event_or_snap,high,train
2011-07-14,32,1.48,weekday,high,train
2011-07-15,28,1.48,event_or_snap,high,train
2011-07-16,40,1.48,weekend,high,train
2011-07-17,52,1.48,weekend,high,train
2011-07-18,51,1.48,weekday,high,train
2011-07-19,27,1.48,weekday,high,train
2011-07-20,40,1.48,weekday,high,train
2011-07-21,29,1.48,weekday,high,train
2011-07-22,56,1.48,weekday,high,train
2011-07-23,46,1.48,weekend,high,train
2011-07-24,45,1.48,weekend,high,train
2011-07-25,42,1.48,weekday,high,train
2011-07-26,37,1.48,weekday,high,train
2011-07-27,33,1.48,weekday,high,train
2011-07-28,32,1.48,weekday,high,train
2011-07-29,23,1.48,weekday,high,train
2011-07-30,51,1.48,weekend,high,train
2011-07-31,58,1.48,weekend,high,train
2011-08-01,39,1.48,event_or_snap,high,train
2011-08-02,51,1.48,weekday,high,train
2011-08-03,51,1.48,event_or_snap,high,train
2011-08-04,59,1.48,weekday,high,train
2011-08-05,69,1.48,event_or_snap,high,train
2011-08-06,83,1.48,event_or_snap,high,train
2011-08-07,72,1.48,event_or_snap,high,train
2011-08-08,57,1.48,weekday,high,train
2011-08-09,62,1.48,event_or_snap,high,train
2011-08-10,54,1.48,weekday,high,train
2011-08-11,59,1.48,event_or_snap,high,train
2011-08-12,84,1.48,event_or_snap,high,train
2011-08-13,72,1.48,event_or_snap,high,train
2011-08-14,62,1.48,weekend,high,train
2011-08-15,50,1.48,event_or_snap,high,train
2011-08-16,61,1.48,weekday,high,train
2011-08-17,52,1.48,weekday,high,train
2011-08-18,80,1.48,weekday,high,train
2011-08-19,89,1.48,weekday,high,train
2011-08-20,105,1.48,weekend,high,train
2011-08-21,92,1.48,weekend,high,train
2011-08-22,61,1.48,weekday,high,train
2011-08-23,44,1.48,weekday,high,train
2011-08-24,43,1.48,weekday,high,train
2011-08-25,27,1.48,weekday,high,train
2011-08-26,39,1.48,weekday,high,train
2011-08-27,83,1.48,weekend,high,train
2011-08-28,76,1.48,weekend,high,train
2011-08-29,36,1.48,weekday,high,train
2011-08-30,31,1.48,weekday,high,train
2011-08-31,43,1.48,event_or_snap,high,train
2011-09-01,54,1.48,event_or_snap,high,train
2011-09-02,30,1.48,weekday,high,train
2011-09-03,67,1.48,event_or_snap,high,train
2011-09-04,28,1.48,weekend,high,train
2011-09-05,47,1.48,event_or_snap,high,train
2011-09-06,25,1.48,event_or_snap,high,train
2011-09-07,40,1.48,event_or_snap,high,train
2011-09-08,25,1.48,weekday,high,train
2011-09-09,36,1.48,event_or_snap,high,train
2011-09-10,54,1.48,weekend,high,train
2011-09-11,58,1.48,event_or_snap,high,train
2011-09-12,53,1.48,event_or_snap,high,train
2011-09-13,34,1.48,event_or_snap,high,train
2011-09-14,21,1.48,weekday,high,train
2011-09-15,47,1.48,event_or_snap,high,train
2011-09-16,34,1.48,weekday,high,train
2011-09-17,38,1.48,weekend,high,train
2011-09-18,34,1.48,weekend,high,train
2011-09-19,30,1.48,weekday,high,train
2011-09-20,31,1.48,weekday,high,train
2011-09-21,31,1.48,weekday,high,train
2011-09-22,35,1.48,weekday,high,train
2011-09-23,35,1.48,weekday,high,train
2011-09-24,43,1.48,weekend,high,train
2011-09-25,45,1.48,weekend,high,train
2011-09-26,46,1.48,weekday,high,train
2011-09-27,36,1.48,weekday,high,train
2011-09-28,30,1.48,weekday,high,train
2011-09-29,18,1.48,weekday,high,train
2011-09-30,35,1.48,weekday,high,train
2011-10-01,47,1.48,event_or_snap,high,train
2011-10-02,36,1.48,weekend,high,train
2011-10-03,27,1.48,event_or_snap,high,train
2011-10-04,35,1.48,weekday,normal,train
2011-10-05,16,1.48,event_or_snap,normal,train
2011-10-06,26,1.48,event_or_snap,normal,train
2011-10-07,32,1.48,event_or_snap,normal,train
2011-10-08,41,1.48,weekend,normal,train
2011-10-09,29,1.48,event_or_snap,normal,train
2011-10-10,34,1.48,event_or_snap,normal,train
2011-10-11,32,1.48,event_or_snap,normal,train
2011-10-12,25,1.48,event_or_snap,normal,train
2011-10-13,24,1.48,event_or_snap,normal,train
2011-10-14,23,1.48,weekday,normal,train
2011-10-15,34,1.48,event_or_snap,normal,train
2011-10-16,38,1.48,weekend,normal,train
2011-10-17,24,1.48,weekday,normal,train
2011-10-18,26,1.48,weekday,normal,train
2011-10-19,10,1.48,weekday,normal,train
2011-10-20,27,1.48,weekday,normal,train
2011-10-21,16,1.48,weekday,normal,train
2011-10-22,34,1.48,weekend,normal,train
2011-10-23,31,1.48,weekend,normal,train
2011-10-24,29,1.48,weekday,low,train
2011-10-25,16,1.48,weekday,normal,train
2011-10-26,26,1.48,weekday,low,train
2011-10-27,29,1.48,weekday,normal,train
2011-10-28,19,1.48,weekday,normal,train
2011-10-29,39,1.48,weekend,normal,train
2011-10-30,23,1.48,weekend,normal,train
2011-10-31,22,1.48,event_or_snap,normal,train
2011-11-01,23,1.48,event_or_snap,normal,train
2011-11-02,22,1.48,weekday,normal,train
2011-11-03,22,1.48,event_or_snap,normal,train
2011-11-04,19,1.48,weekday,low,train
2011-11-05,35,1.48,event_or_snap,low,train
2011-11-06,34,1.48,event_or_snap,low,train
2011-11-07,21,1.48,event_or_snap,normal,train
2011-11-08,14,1.48,weekday,normal,train
2011-11-09,14,1.48,event_or_snap,low,train
2011-11-10,18,1.48,weekday,low,train
2011-11-11,28,1.48,event_or_snap,low,train
2011-11-12,23,1.48,event_or_snap,low,train
2011-11-13,27,1.48,event_or_snap,low,train
2011-11-14,20,1.48,weekday,low,train
2011-11-15,14,1.48,event_or_snap,low,train
2011-11-16,29,1.48,weekday,low,train
2011-11-17,11,1.48,weekday,low,train
2011-11-18,15,1.48,weekday,low,train
2011-11-19,22,1.48,weekend,low,train
2011-11-20,20,1.48,weekend,low,train
2011-11-21,25,1.48,weekday,low,train
2011-11-22,17,1.48,weekday,low,train
2011-11-23,16,1.48,weekday,low,train
2011-11-24,22,1.48,event_or_snap,low,train
2011-11-25,36,1.48,weekday,low,train
2011-11-26,8,1.48,weekend,low,train
2011-11-27,6,1.48,weekend,low,train
2011-11-28,11,1.48,weekday,low,train
2011-11-29,13,1.48,weekday,low,train
2011-11-30,11,1.48,weekday,low,train
2011-12-01,15,1.48,event_or_snap,low,train
2011-12-02,15,1.48,weekday,low,train
2011-12-03,23,1.48,event_or_snap,low,train
2011-12-04,13,1.48,weekend,low,train
2011-12-05,5,1.48,event_or_snap,low,train
2011-12-06,8,1.48,event_or_snap,low,train
2011-12-07,7,1.48,event_or_snap,low,train
2011-12-08,15,1.48,weekday,low,train
2011-12-09,12,1.48,event_or_snap,low,train
2011-12-10,14,1.48,weekend,low,train
2011-12-11,17,1.48,event_or_snap,low,train
2011-12-12,12,1.48,event_or_snap,low,train
2011-12-13,4,1.48,event_or_snap,low,train
2011-12-14,9,1.48,weekday,low,train
2011-12-15,13,1.48,event_or_snap,low,train
2011-12-16,6,1.48,weekday,low,train
2011-12-17,25,1.48,weekend,low,train
2011-12-18,16,1.48,weekend,low,train
2011-12-19,14,1.48,weekday,low,train
2011-12-20,8,1.48,weekday,low,train
2011-12-21,12,1.48,weekday,low,train
2011-12-22,15,1.48,weekday,low,train
2011-12-23,22,1.48,weekday,low,train
2011-12-24,13,1.48,weekend,low,train
2011-12-25,0,1.48,event_or_snap,low,train
2011-12-26,20,1.48,weekday,low,train
2011-12-27,16,1.48,weekday,low,train
2011-12-28,13,1.48,event_or_snap,low,train
2011-12-29,9,1.48,weekday,low,train
2011-12-30,18,1.48,weekday,low,train
2011-12-31,14,1.48,weekend,low,train
2012-01-01,8,1.48,event_or_snap,low,train
2012-01-02,20,1.48,weekday,low,train
2012-01-03,10,1.48,event_or_snap,low,train
2012-01-04,13,1.48,weekday,low,train
2012-01-05,17,1.48,event_or_snap,low,train
2012-01-06,18,1.48,event_or_snap,low,train
2012-01-07,20,1.48,event_or_snap,low,train
2012-01-08,26,1.48,weekend,low,train
2012-01-09,16,1.48,event_or_snap,low,train
2012-01-10,11,1.48,weekday,low,train
2012-01-11,14,1.48,event_or_snap,low,train
2012-01-12,10,1.48,event_or_snap,low,train
2012-01-13,17,1.48,event_or_snap,low,train
2012-01-14,22,1.48,weekend,low,train
2012-01-15,18,1.48,event_or_snap,low,train
2012-01-16,17,1.48,event_or_snap,low,train
2012-01-17,11,1.48,weekday,low,train
2012-01-18,18,1.48,weekday,low,train
2012-01-19,22,1.48,weekday,low,train
2012-01-20,12,1.48,weekday,low,train
2012-01-21,27,1.48,weekend,low,train
2012-01-22,20,1.48,weekend,low,train
2012-01-23,12,1.48,weekday,low,train
2012-01-24,8,1.48,weekday,low,train
2012-01-25,5,1.48,weekday,low,train
2012-01-26,14,1.48,weekday,low,train
2012-01-27,8,1.48,weekday,low,train
2012-01-28,10,1.48,weekend,low,train
2012-01-29,7,1.48,weekend,low,train
2012-01-30,8,1.48,weekday,low,train
2012-01-31,4,1.48,weekday,low,train
2012-02-01,8,1.48,event_or_snap,low,train
2012-02-02,3,1.48,weekday,low,train
2012-02-03,4,1.48,event_or_snap,low,train
2012-02-04,5,1.48,weekend,low,train
2012-02-05,7,1.48,event_or_snap,low,train
2012-02-06,5,1.48,event_or_snap,low,train
2012-02-07,7,1.48,event_or_snap,low,train
2012-02-08,10,1.48,weekday,low,train
2012-02-09,9,1.48,event_or_snap,low,train
2012-02-10,8,1.48,weekday,low,train
2012-02-11,17,1.48,event_or_snap,low,train
2012-02-12,15,1.48,event_or_snap,low,train
2012-02-13,7,1.48,event_or_snap,low,train
2012-02-14,14,1.48,event_or_snap,low,train
2012-02-15,14,1.48,event_or_snap,low,train
2012-02-16,7,1.48,weekday,low,train
2012-02-17,6,1.48,weekday,low,train
2012-02-18,12,1.48,weekend,low,train
2012-02-19,14,1.48,weekend,low,train
2012-02-20,7,1.48,event_or_snap,low,train
2012-02-21,11,1.48,weekday,low,train
2012-02-22,12,1.48,event_or_snap,low,train
2012-02-23,25,1.48,weekday,low,train
2012-02-24,13,1.48,weekday,low,train
2012-02-25,23,1.48,weekend,low,train
2012-02-26,18,1.48,weekend,low,train
2012-02-27,8,1.48,weekday,low,train
2012-02-28,5,1.48,weekday,low,train
2012-02-29,15,1.48,event_or_snap,low,train
2012-03-01,16,1.48,event_or_snap,low,train
2012-03-02,7,1.48,weekday,low,train
2012-03-03,8,1.48,event_or_snap,low,train
2012-03-04,8,1.48,weekend,low,train
2012-03-05,8,1.48,event_or_snap,low,train
2012-03-06,2,1.48,event_or_snap,low,train
2012-03-07,3,1.48,event_or_snap,low,train
2012-03-08,2,1.48,event_or_snap,low,train
2012-03-09,2,1.48,event_or_snap,low,train
2012-03-10,6,1.48,weekend,low,train
2012-03-11,3,1.48,event_or_snap,low,train
2012-03-12,5,1.48,event_or_snap,low,train
2012-03-13,3,1.48,event_or_snap,low,train
2012-03-14,8,1.48,weekday,low,train
2012-03-15,5,1.48,event_or_snap,low,train
2012-03-16,14,1.48,weekday,low,train
2012-03-17,12,1.48,event_or_snap,low,train
2012-03-18,15,1.48,weekend,low,train
2012-03-19,3,1.48,weekday,low,train
2012-03-20,7,1.48,weekday,low,train
2012-03-21,11,1.48,weekday,low,train
2012-03-22,14,1.48,weekday,low,train
2012-03-23,23,1.48,weekday,low,train
2012-03-24,23,1.48,weekend,low,train
2012-03-25,23,1.48,weekend,low,train
2012-03-26,15,1.48,weekday,low,train
2012-03-27,9,1.48,weekday,low,train
2012-03-28,4,1.48,weekday,low,train
2012-03-29,6,1.48,weekday,low,train
2012-03-30,11,1.48,weekday,low,train
2012-03-31,26,1.48,weekend,low,train
2012-04-01,18,1.48,event_or_snap,low,train
2012-04-02,9,1.48,weekday,low,train
2012-04-03,8,1.48,event_or_snap,low,train
2012-04-04,7,1.48,weekday,low,train
2012-04-05,15,1.48,event_or_snap,low,train
2012-04-06,23,1.48,event_or_snap,low,train
2012-04-07,20,1.48,event_or_snap,low,train
2012-04-08,26,1.48,event_or_snap,low,train
2012-04-09,21,1.48,event_or_snap,low,train
2012-04-10,17,1.48,weekday,low,train
2012-04-11,24,1.48,event_or_snap,low,train
2012-04-12,30,1.48,event_or_snap,low,train
2012-04-13,17,1.48,event_or_snap,low,train
2012-04-14,20,1.48,event_or_snap,low,train
2012-04-15,29,1.48,event_or_snap,low,train
2012-04-16,6,1.48,weekday,low,train
2012-04-17,15,1.48,weekday,low,train
2012-04-18,12,1.48,weekday,low,train
2012-04-19,11,1.48,weekday,low,train
2012-04-20,11,1.48,weekday,low,train
2012-04-21,31,1.48,weekend,low,train
2012-04-22,18,1.48,weekend,low,train
2012-04-23,11,1.48,weekday,low,train
2012-04-24,21,1.48,weekday,low,train
2012-04-25,14,1.48,weekday,low,train
2012-04-26,14,1.48,weekday,low,train
2012-04-27,12,1.48,weekday,low,train
2012-04-28,23,1.48,weekend,low,train
2012-04-29,6,1.48,weekend,low,train
2012-04-30,13,1.48,weekday,low,train
2012-05-01,22,1.48,event_or_snap,low,train
2012-05-02,21,1.48,weekday,low,train
2012-05-03,36,1.48,event_or_snap,low,train
2012-05-04,24,1.48,weekday,low,train
2012-05-05,42,1.48,event_or_snap,low,train
2012-05-06,40,1.48,event_or_snap,low,train
2012-05-07,26,1.48,event_or_snap,normal,train
2012-05-08,28,1.48,weekday,normal,train
2012-05-09,23,1.48,event_or_snap,normal,train
2012-05-10,33,1.48,weekday,normal,train
2012-05-11,34,1.48,event_or_snap,normal,train
2012-05-12,42,1.48,event_or_snap,normal,train
2012-05-13,35,1.48,event_or_snap,normal,train
2012-05-14,31,1.48,weekday,normal,train
2012-05-15,18,1.48,event_or_snap,normal,train
2012-05-16,28,1.48,weekday,normal,train
2012-05-17,28,1.48,weekday,normal,train
2012-05-18,37,1.48,weekday,normal,train
2012-05-19,48,1.48,weekend,normal,train
2012-05-20,46,1.48,weekend,normal,train
2012-05-21,31,1.48,weekday,high,train
2012-05-22,33,1.48,weekday,high,train
2012-05-23,48,1.48,weekday,high,train
2012-05-24,47,1.48,weekday,high,train
2012-05-25,44,1.48,weekday,high,train
2012-05-26,70,1.48,weekend,high,train
2012-05-27,61,1.48,weekend,high,train
2012-05-28,53,1.48,event_or_snap,high,train
2012-05-29,44,1.48,weekday,high,train
2012-05-30,38,1.48,weekday,high,train
2012-05-31,34,1.48,weekday,high,train
2012-06-01,37,1.48,event_or_snap,high,train
2012-06-02,49,1.48,weekend,high,train
2012-06-03,54,1.48,event_or_snap,high,train
2012-06-04,27,1.48,weekday,high,train
2012-06-05,51,1.48,event_or_snap,high,train
2012-06-06,48,1.48,event_or_snap,high,train
2012-06-07,38,1.48,event_or_snap,high,train
2012-06-08,40,1.48,weekday,high,train
2012-06-09,38,1.48,event_or_snap,high,train
2012-06-10,60,1.48,weekend,high,train
2012-06-11,51,1.48,event_or_snap,high,train
2012-06-12,47,1.48,event_or_snap,high,train
2012-06-13,36,1.48,event_or_snap,high,train
2012-06-14,46,1.48,weekday,high,train
2012-06-15,58,1.48,event_or_snap,high,train
2012-06-16,51,1.48,weekend,high,train
2012-06-17,65,1.48,event_or_snap,high,train
2012-06-18,24,1.48,weekday,high,train
2012-06-19,20,1.48,weekday,high,train
2012-06-20,18,1.48,weekday,high,train
2012-06-21,21,1.48,event_or_snap,high,train
2012-06-22,62,1.48,weekday,high,train
2012-06-23,58,1.48,weekend,high,train
2012-06-24,71,1.48,weekend,high,train
2012-06-25,67,1.48,weekday,high,train
2012-06-26,52,1.48,weekday,high,train
2012-06-27,48,1.48,weekday,high,train
2012-06-28,35,1.48,weekday,high,train
2012-06-29,30,1.48,weekday,high,train
2012-06-30,34,1.48,weekend,high,train
2012-07-01,29,1.48,event_or_snap,high,train
2012-07-02,33,1.48,weekday,high,train
2012-07-03,36,1.48,event_or_snap,high,train
2012-07-04,44,1.48,event_or_snap,high,train
2012-07-05,33,1.48,event_or_snap,high,train
2012-07-06,46,1.48,event_or_snap,high,train
2012-07-07,42,1.48,event_or_snap,high,train
2012-07-08,34,1.48,weekend,high,train
2012-07-09,16,1.48,event_or_snap,high,train
2012-07-10,27,1.48,weekday,high,train
2012-07-11,17,1.48,event_or_snap,high,train
2012-07-12,18,1.48,event_or_snap,normal,train
2012-07-13,38,1.48,event_or_snap,normal,train
2012-07-14,48,1.48,weekend,normal,train
2012-07-15,51,1.48,event_or_snap,normal,train
2012-07-16,51,1.48,weekday,normal,train
2012-07-17,51,1.48,weekday,high,train
2012-07-18,30,1.48,weekday,high,train
2012-07-19,53,1.48,weekday,high,train
2012-07-20,49,1.48,event_or_snap,high,train
2012-07-21,76,1.48,weekend,high,train
2012-07-22,62,1.48,weekend,high,train
2012-07-23,24,1.48,weekday,high,train
2012-07-24,29,1.48,weekday,high,train
2012-07-25,29,1.48,weekday,high,train
2012-07-26,26,1.48,weekday,high,train
2012-07-27,31,1.48,weekday,high,train
2012-07-28,70,1.48,weekend,high,train
2012-07-29,56,1.48,weekend,high,train
2012-07-30,46,1.48,weekday,high,train
2012-07-31,42,1.48,weekday,high,train
2012-08-01,41,1.48,event_or_snap,high,train
2012-08-02,43,1.48,weekday,high,train
2012-08-03,47,1.48,event_or_snap,high,train
2012-08-04,63,1.48,weekend,high,train
2012-08-05,32,1.48,event_or_snap,high,train
2012-08-06,47,1.48,event_or_snap,high,train
2012-08-07,40,1.48,event_or_snap,high,train
2012-08-08,39,1.48,weekday,high,train
2012-08-09,45,1.48,event_or_snap,high,train
2012-08-10,54,1.48,weekday,high,train
2012-08-11,78,1.48,event_or_snap,high,train
2012-08-12,62,1.48,event_or_snap,high,train
2012-08-13,45,1.48,event_or_snap,high,train
2012-08-14,41,1.48,weekday,high,train
2012-08-15,45,1.48,event_or_snap,high,train
2012-08-16,37,1.48,weekday,high,train
2012-08-17,51,1.48,weekday,high,train
2012-08-18,50,1.48,weekend,high,train
2012-08-19,45,1.48,event_or_snap,high,train
2012-08-20,44,1.48,weekday,high,train
2012-08-21,41,1.48,weekday,high,train
2012-08-22,20,1.48,weekday,high,train
2012-08-23,30,1.48,weekday,high,train
2012-08-24,35,1.48,weekday,high,train
2012-08-25,42,1.48,weekend,high,train
2012-08-26,69,1.48,weekend,high,train
2012-08-27,52,1.48,weekday,high,train
2012-08-28,35,1.48,weekday,high,train
2012-08-29,33,1.48,weekday,high,train
2012-08-30,42,1.48,weekday,high,train
2012-08-31,44,1.48,weekday,high,train
2012-09-01,50,1.48,event_or_snap,high,train
2012-09-02,50,1.48,weekend,high,train
2012-09-03,57,1.48,event_or_snap,high,train
2012-09-04,49,1.48,weekday,high,train
2012-09-05,32,1.48,event_or_snap,high,train
2012-09-06,43,1.48,event_or_snap,high,train
2012-09-07,33,1.48,event_or_snap,high,train
2012-09-08,42,1.48,weekend,high,train
2012-09-09,45,1.48,event_or_snap,high,train
2012-09-10,15,1.48,weekday,high,train
2012-09-11,28,1.48,event_or_snap,high,train
2012-09-12,25,1.48,event_or_snap,high,train
2012-09-13,26,1.48,event_or_snap,normal,train
2012-09-14,30,1.48,weekday,normal,train
2012-09-15,50,1.48,event_or_snap,normal,train
2012-09-16,51,1.48,weekend,normal,train
2012-09-17,33,1.48,weekday,normal,train
2012-09-18,30,1.48,weekday,high,train
2012-09-19,24,1.48,weekday,high,train
2012-09-20,44,1.48,weekday,high,train
2012-09-21,34,1.48,weekday,high,train
2012-09-22,52,1.48,weekend,high,train
2012-09-23,45,1.48,weekend,high,train
2012-09-24,40,1.48,weekday,high,train
2012-09-25,35,1.48,weekday,high,train
2012-09-26,40,1.48,weekday,high,train
2012-09-27,28,1.48,weekday,high,train
2012-09-28,40,1.48,weekday,high,train
2012-09-29,27,1.48,weekend,high,train
2012-09-30,39,1.48,weekend,high,train
2012-10-01,45,1.48,event_or_snap,high,train
2012-10-02,36,1.48,weekday,high,train
2012-10-03,44,1.48,event_or_snap,high,train
2012-10-04,38,1.48,weekday,high,train
2012-10-05,43,1.48,event_or_snap,high,train
2012-10-06,53,1.48,event_or_snap,high,train
2012-10-07,28,1.48,event_or_snap,high,train
2012-10-08,38,1.48,event_or_snap,high,train
2012-10-09,34,1.48,event_or_snap,high,train
2012-10-10,25,1.48,weekday,high,train
2012-10-11,30,1.48,event_or_snap,high,train
2012-10-12,52,1.48,event_or_snap,high,train
2012-10-13,46,1.48,event_or_snap,high,train
2012-10-14,40,1.48,weekend,high,train
2012-10-15,41,1.48,event_or_snap,high,train
2012-10-16,33,1.48,weekday,high,train
2012-10-17,51,1.48,weekday,high,train
2012-10-18,28,1.48,weekday,high,train
2012-10-19,40,1.48,weekday,high,train
2012-10-20,46,1.48,weekend,high,train
2012-10-21,56,1.48,weekend,high,train
2012-10-22,39,1.48,weekday,high,train
2012-10-23,39,1.48,weekday,high,train
2012-10-24,24,1.48,weekday,high,train
2012-10-25,25,1.48,weekday,high,train
2012-10-26,29,1.48,event_or_snap,high,train
2012-10-27,32,1.48,weekend,high,train
2012-10-28,30,1.48,weekend,high,train
2012-10-29,23,1.48,weekday,normal,train
2012-10-30,19,1.48,weekday,normal,train
2012-10-31,18,1.48,event_or_snap,normal,train
2012-11-01,29,1.48,event_or_snap,normal,train
2012-11-02,29,1.48,weekday,normal,train
2012-11-03,23,1.48,event_or_snap,normal,train
2012-11-04,42,1.48,weekend,normal,train
2012-11-05,15,1.48,event_or_snap,normal,train
2012-11-06,25,1.48,event_or_snap,normal,train
2012-11-07,29,1.48,event_or_snap,normal,train
2012-11-08,26,1.48,weekday,normal,train
2012-11-09,28,1.48,event_or_snap,normal,train
2012-11-10,36,1.48,weekend,normal,train
2012-11-11,30,1.48,event_or_snap,normal,train
2012-11-12,16,1.48,event_or_snap,normal,train
2012-11-13,18,1.48,event_or_snap,normal,train
2012-11-14,17,1.48,weekday,normal,train
2012-11-15,26,1.48,event_or_snap,normal,train
2012-11-16,21,1.48,weekday,normal,train
2012-11-17,47,1.48,weekend,low,train
2012-11-18,36,1.48,weekend,normal,train
2012-11-19,22,1.48,weekday,normal,train
2012-11-20,15,1.48,weekday,normal,train
2012-11-21,35,1.48,weekday,normal,train
2012-11-22,43,1.48,event_or_snap,normal,train
2012-11-23,48,1.48,weekday,normal,train
2012-11-24,30,1.48,weekend,high,train
2012-11-25,32,1.48,weekend,normal,train
2012-11-26,18,1.48,weekday,normal,train
2012-11-27,15,1.48,weekday,normal,train
2012-11-28,15,1.48,weekday,normal,train
2012-11-29,20,1.48,weekday,normal,train
2012-11-30,21,1.48,weekday,normal,train
2012-12-01,40,1.48,event_or_snap,low,train
2012-12-02,29,1.48,weekend,low,train
2012-12-03,17,1.48,event_or_snap,low,train
2012-12-04,25,1.48,weekday,low,train
2012-12-05,26,1.48,event_or_snap,low,train
2012-12-06,26,1.48,event_or_snap,normal,train
2012-12-07,19,1.48,event_or_snap,normal,train
2012-12-08,33,1.48,weekend,normal,train
2012-12-09,44,1.48,event_or_snap,normal,train
2012-12-10,19,1.48,weekday,normal,train
2012-12-11,15,1.48,event_or_snap,normal,train
2012-12-12,28,1.48,event_or_snap,normal,train
2012-12-13,26,1.48,event_or_snap,normal,train
2012-12-14,28,1.48,weekday,normal,train
2012-12-15,36,1.48,event_or_snap,normal,train
2012-12-16,32,1.48,event_or_snap,normal,train
2012-12-17,26,1.48,weekday,normal,train
2012-12-18,17,1.48,weekday,normal,train
2012-12-19,26,1.48,weekday,normal,train
2012-12-20,23,1.48,weekday,normal,train
2012-12-21,24,1.48,weekday,normal,train
2012-12-22,32,1.48,weekend,normal,train
2012-12-23,40,1.48,weekend,normal,train
2012-12-24,26,1.48,weekday,normal,train
2012-12-25,0,1.48,event_or_snap,normal,train
2012-12-26,17,1.48,weekday,normal,train
2012-12-27,19,1.48,weekday,low,train
2012-12-28,19,1.48,weekday,low,train
2012-12-29,10,1.48,weekend,low,train
2012-12-30,17,1.48,weekend,low,train
2012-12-31,13,1.48,weekday,low,train
2013-01-01,17,1.48,event_or_snap,low,train
2013-01-02,6,1.48,weekday,low,train
2013-01-03,22,1.48,event_or_snap,low,train
2013-01-04,12,1.48,weekday,low,train
2013-01-05,15,1.48,event_or_snap,low,train
2013-01-06,18,1.48,event_or_snap,low,train
2013-01-07,15,1.48,event_or_snap,low,train
2013-01-08,18,1.48,weekday,low,train
2013-01-09,16,1.48,event_or_snap,low,train
2013-01-10,12,1.48,weekday,low,train
2013-01-11,23,1.48,event_or_snap,low,train
2013-01-12,19,1.48,event_or_snap,low,train
2013-01-13,22,1.48,event_or_snap,low,train
2013-01-14,20,1.48,weekday,low,train
2013-01-15,14,1.48,event_or_snap,low,train
2013-01-16,23,1.48,weekday,low,train
2013-01-17,16,1.48,weekday,low,train
2013-01-18,16,1.48,weekday,low,train
2013-01-19,28,1.48,weekend,low,train
2013-01-20,20,1.48,weekend,low,train
2013-01-21,18,1.48,event_or_snap,low,train
2013-01-22,9,1.48,weekday,low,train
2013-01-23,20,1.48,weekday,low,train
2013-01-24,19,1.48,weekday,low,train
2013-01-25,21,1.48,weekday,low,train
2013-01-26,32,1.48,weekend,low,train
2013-01-27,36,1.48,weekend,low,train
2013-01-28,21,1.48,weekday,low,train
2013-01-29,9,1.48,weekday,low,train
2013-01-30,13,1.48,weekday,low,train
2013-01-31,12,1.48,weekday,low,train
2013-02-01,32,1.48,event_or_snap,low,train
2013-02-02,48,1.48,weekend,low,train
2013-02-03,26,1.48,event_or_snap,normal,train
2013-02-04,14,1.48,weekday,low,train
2013-02-05,21,1.48,event_or_snap,low,train
2013-02-06,24,1.48,event_or_snap,low,train
2013-02-07,25,1.48,event_or_snap,normal,train
2013-02-08,29,1.48,weekday,normal,train
2013-02-09,35,1.48,event_or_snap,normal,train
2013-02-10,33,1.48,weekend,normal,train
2013-02-11,24,1.48,event_or_snap,normal,train
2013-02-12,28,1.48,event_or_snap,normal,train
2013-02-13,34,1.48,event_or_snap,normal,train
2013-02-14,21,1.48,event_or_snap,normal,train
2013-02-15,32,1.48,event_or_snap,normal,train
2013-02-16,47,1.48,weekend,normal,train
2013-02-17,38,1.48,weekend,normal,train
2013-02-18,24,1.48,event_or_snap,normal,train
2013-02-19,18,1.48,weekday,normal,train
2013-02-20,15,1.48,event_or_snap,normal,train
2013-02-21,19,1.48,weekday,normal,train
2013-02-22,32,1.48,weekday,normal,train
2013-02-23,33,1.48,weekend,normal,train
2013-02-24,31,1.48,event_or_snap,normal,train
2013-02-25,19,1.48,weekday,normal,train
2013-02-26,23,1.48,weekday,low,train
2013-02-27,24,1.48,weekday,normal,train
2013-02-28,21,1.48,weekday,normal,train
2013-03-01,17,1.48,event_or_snap,normal,train
2013-03-02,30,1.48,weekend,low,train
2013-03-03,33,1.48,event_or_snap,low,train
2013-03-04,28,1.48,weekday,low,train
2013-03-05,16,1.48,event_or_snap,normal,train
2013-03-06,24,1.48,event_or_snap,low,train
2013-03-07,24,1.48,event_or_snap,low,train
2013-03-08,13,1.48,weekday,normal,train
2013-03-09,41,1.48,event_or_snap,low,train
2013-03-10,31,1.48,weekend,normal,train
2013-03-11,17,1.48,event_or_snap,normal,train
2013-03-12,31,1.48,event_or_snap,low,train
2013-03-13,29,1.48,event_or_snap,normal,train
2013-03-14,33,1.48,weekday,normal,train
2013-03-15,40,1.48,event_or_snap,normal,train
2013-03-16,31,1.48,weekend,normal,train
2013-03-17,43,1.48,event_or_snap,normal,train
2013-03-18,46,1.48,weekday,normal,train
2013-03-19,9,1.48,weekday,high,train
2013-03-20,15,1.48,weekday,normal,train
2013-03-21,25,1.48,weekday,normal,train
2013-03-22,18,1.48,weekday,normal,train
2013-03-23,23,1.48,weekend,normal,train
2013-03-24,34,1.48,weekend,normal,train
2013-03-25,18,1.48,weekday,low,train
2013-03-26,12,1.48,weekday,low,train
2013-03-27,25,1.48,weekday,low,train
2013-03-28,14,1.48,weekday,low,train
2013-03-29,33,1.48,weekday,low,train
2013-03-30,37,1.48,weekend,low,train
2013-03-31,40,1.48,event_or_snap,normal,train
2013-04-01,19,1.48,event_or_snap,normal,train
2013-04-02,30,1.48,event_or_snap,normal,train
2013-04-03,22,1.48,event_or_snap,normal,train
2013-04-04,15,1.48,weekday,normal,train
2013-04-05,31,1.48,event_or_snap,normal,train
2013-04-06,30,1.48,event_or_snap,normal,train
2013-04-07,46,1.48,event_or_snap,normal,train
2013-04-08,20,1.48,weekday,normal,train
2013-04-09,31,1.48,event_or_snap,normal,train
2013-04-10,7,1.48,weekday,normal,train
2013-04-11,22,1.48,event_or_snap,normal,train
2013-04-12,31,1.48,event_or_snap,normal,train
2013-04-13,49,1.48,event_or_snap,normal,train
2013-04-14,31,1.48,weekend,normal,train
2013-04-15,32,1.48,event_or_snap,normal,train
2013-04-16,18,1.48,weekday,normal,train
2013-04-17,9,1.48,weekday,normal,train
2013-04-18,9,1.48,weekday,normal,train
2013-04-19,28,1.48,weekday,normal,train
2013-04-20,40,1.48,weekend,normal,train
2013-04-21,19,1.48,weekend,low,train
2013-04-22,17,1.48,weekday,low,train
2013-04-23,19,1.48,weekday,low,train
2013-04-24,22,1.48,weekday,low,train
2013-04-25,29,1.48,weekday,low,train
2013-04-26,34,1.48,weekday,normal,train
2013-04-27,17,1.48,weekend,normal,train
2013-04-28,33,1.48,weekend,low,train
2013-04-29,18,1.48,weekday,normal,train
2013-04-30,27,1.48,weekday,normal,train
2013-05-01,35,1.48,event_or_snap,normal,train
2013-05-02,19,1.48,weekday,normal,train
2013-05-03,18,1.48,event_or_snap,normal,train
2013-05-04,31,1.48,weekend,low,train
2013-05-05,35,1.48,event_or_snap,normal,train
2013-05-06,38,1.48,event_or_snap,normal,train
2013-05-07,24,1.48,event_or_snap,normal,train
2013-05-08,22,1.48,weekday,normal,train
2013-05-09,40,1.48,event_or_snap,normal,train
2013-05-10,36,1.48,weekday,normal,train
2013-05-11,27,1.48,event_or_snap,normal,train
2013-05-12,43,1.48,event_or_snap,normal,train
2013-05-13,41,1.48,event_or_snap,normal,train
2013-05-14,45,1.48,weekday,high,train
2013-05-15,21,1.48,event_or_snap,high,train
2013-05-16,31,1.48,weekday,high,train
2013-05-17,42,1.48,weekday,high,train
2013-05-18,42,1.48,weekend,high,train
2013-05-19,55,1.48,weekend,high,train
2013-05-20,25,1.48,weekday,high,train
2013-05-21,30,1.48,weekday,high,train
2013-05-22,28,1.48,weekday,high,train
2013-05-23,39,1.48,weekday,high,train
2013-05-24,36,1.48,weekday,high,train
2013-05-25,35,1.48,weekend,high,train
2013-05-26,41,1.48,weekend,high,train
2013-05-27,38,1.48,event_or_snap,high,train
2013-05-28,27,1.48,weekday,high,train
2013-05-29,27,1.48,weekday,high,train
2013-05-30,28,1.48,weekday,high,train
2013-05-31,26,1.48,weekday,high,train
2013-06-01,51,1.48,event_or_snap,normal,train
2013-06-02,31,1.48,weekend,high,train
2013-06-03,28,1.48,event_or_snap,normal,train
2013-06-04,43,1.48,weekday,normal,train
2013-06-05,32,1.48,event_or_snap,high,train
2013-06-06,35,1.48,event_or_snap,high,train
2013-06-07,37,1.48,event_or_snap,high,train
2013-06-08,53,1.48,weekend,high,train
2013-06-09,51,1.48,event_or_snap,high,train
2013-06-10,49,1.48,weekday,high,train
2013-06-11,48,1.48,event_or_snap,high,train
2013-06-12,53,1.48,event_or_snap,high,train
2013-06-13,55,1.48,event_or_snap,high,train
2013-06-14,35,1.48,weekday,high,train
2013-06-15,61,1.48,event_or_snap,high,train
2013-06-16,70,1.48,event_or_snap,high,train
2013-06-17,48,1.48,weekday,high,train
2013-06-18,20,1.48,weekday,high,train
2013-06-19,36,1.48,weekday,high,train
2013-06-20,48,1.48,event_or_snap,high,train
2013-06-21,51,1.48,weekday,high,train
2013-06-22,52,1.48,weekend,high,train
2013-06-23,54,1.48,weekend,high,train
2013-06-24,43,1.48,weekday,high,train
2013-06-25,30,1.48,weekday,high,train
2013-06-26,31,1.48,weekday,high,train
2013-06-27,35,1.48,weekday,high,train
2013-06-28,46,1.48,weekday,high,train
2013-06-29,61,1.48,weekend,high,train
2013-06-30,62,1.48,weekend,high,train
2013-07-01,40,1.48,event_or_snap,high,train
2013-07-02,43,1.48,weekday,high,train
2013-07-03,20,1.48,event_or_snap,high,train
2013-07-04,38,1.48,event_or_snap,high,train
2013-07-05,35,1.48,event_or_snap,high,train
2013-07-06,36,1.48,event_or_snap,high,train
2013-07-07,34,1.48,event_or_snap,high,train
2013-07-08,24,1.48,weekday,high,train
2013-07-09,34,1.48,event_or_snap,normal,train
2013-07-10,29,1.48,weekday,normal,train
2013-07-11,35,1.48,event_or_snap,normal,train
2013-07-12,46,1.48,event_or_snap,normal,train
2013-07-13,43,1.48,event_or_snap,high,train
2013-07-14,38,1.48,weekend,high,train
2013-07-15,28,1.48,event_or_snap,high,train
2013-07-16,18,1.48,weekday,high,train
2013-07-17,21,1.48,weekday,high,train
2013-07-18,20,1.48,weekday,normal,train
2013-07-19,21,1.48,weekday,normal,train
2013-07-20,29,1.48,weekend,normal,train
2013-07-21,43,1.48,weekend,normal,train
2013-07-22,20,1.48,weekday,normal,train
2013-07-23,30,1.48,weekday,normal,train
2013-07-24,24,1.48,weekday,normal,train
2013-07-25,29,1.48,weekday,normal,train
2013-07-26,54,1.48,weekday,normal,train
2013-07-27,44,1.48,weekend,normal,train
2013-07-28,23,1.48,weekend,high,train
2013-07-29,21,1.48,weekday,normal,train
2013-07-30,27,1.48,weekday,normal,train
2013-07-31,40,1.48,weekday,normal,train
2013-08-01,40,1.48,event_or_snap,high,train
2013-08-02,25,1.48,weekday,high,train
2013-08-03,39,1.48,event_or_snap,normal,train
2013-08-04,9,1.48,weekend,normal,train
2013-08-05,1,1.48,event_or_snap,normal,train
2013-08-06,0,1.48,event_or_snap,normal,train
2013-08-07,24,1.48,event_or_snap,low,train
2013-08-08,25,1.48,event_or_snap,low,train
2013-08-09,33,1.48,event_or_snap,low,train
2013-08-10,41,1.48,weekend,low,train
2013-08-11,39,1.48,event_or_snap,low,train
2013-08-12,21,1.48,event_or_snap,low,train
2013-08-13,23,1.48,event_or_snap,normal,train
2013-08-14,34,1.48,weekday,normal,train
2013-08-15,29,1.48,event_or_snap,normal,train
2013-08-16,22,1.48,weekday,normal,train
2013-08-17,39,1.48,weekend,normal,train
2013-08-18,47,1.48,weekend,normal,train
2013-08-19,37,1.48,weekday,normal,train
2013-08-20,25,1.48,weekday,normal,train
2013-08-21,21,1.48,weekday,high,train
2013-08-22,38,1.48,weekday,normal,train
2013-08-23,48,1.48,weekday,normal,train
2013-08-24,53,1.48,weekend,high,train
2013-08-25,58,1.48,weekend,high,train
2013-08-26,15,1.48,weekday,high,train
2013-08-27,21,1.48,weekday,high,train
2013-08-28,28,1.48,weekday,high,train
2013-08-29,20,1.48,weekday,high,train
2013-08-30,36,1.48,weekday,high,train
2013-08-31,45,1.48,weekend,normal,train
2013-09-01,44,1.48,event_or_snap,normal,train
2013-09-02,36,1.48,event_or_snap,normal,train
2013-09-03,22,1.48,event_or_snap,normal,train
2013-09-04,13,1.48,weekday,normal,train
2013-09-05,19,1.48,event_or_snap,normal,train
2013-09-06,27,1.48,event_or_snap,normal,train
2013-09-07,34,1.48,event_or_snap,normal,train
2013-09-08,16,1.48,weekend,normal,train
2013-09-09,16,1.48,event_or_snap,low,train
2013-09-10,15,1.48,weekday,low,train
2013-09-11,24,1.48,event_or_snap,low,train
2013-09-12,19,1.48,event_or_snap,low,train
2013-09-13,28,1.48,event_or_snap,low,train
2013-09-14,38,1.48,weekend,low,train
2013-09-15,45,1.48,event_or_snap,low,train
2013-09-16,26,1.48,weekday,normal,train
2013-09-17,22,1.48,weekday,normal,train
2013-09-18,30,1.48,weekday,normal,train
2013-09-19,9,1.48,weekday,normal,train
2013-09-20,14,1.48,weekday,normal,train
2013-09-21,25,1.48,weekend,normal,train
2013-09-22,29,1.48,weekend,normal,train
2013-09-23,18,1.48,weekday,low,train
2013-09-24,23,1.48,weekday,low,train
2013-09-25,26,1.48,weekday,low,train
2013-09-26,27,1.48,weekday,low,train
2013-09-27,24,1.48,weekday,low,train
2013-09-28,20,1.48,weekend,normal,train
2013-09-29,23,1.48,weekend,low,train
2013-09-30,21,1.48,weekday,low,train
2013-10-01,31,1.48,event_or_snap,low,train
2013-10-02,12,1.48,weekday,normal,train
2013-10-03,13,1.48,event_or_snap,low,train
2013-10-04,25,1.48,weekday,low,train
2013-10-05,27,1.48,event_or_snap,low,train
2013-10-06,15,1.48,event_or_snap,low,train
2013-10-07,21,1.48,event_or_snap,low,train
2013-10-08,8,1.48,weekday,low,train
2013-10-09,18,1.48,event_or_snap,low,train
2013-10-10,29,1.48,weekday,low,train
2013-10-11,25,1.48,event_or_snap,low,train
2013-10-12,35,1.48,event_or_snap,low,train
2013-10-13,36,1.48,event_or_snap,low,train
2013-10-14,38,1.48,event_or_snap,normal,train
2013-10-15,26,1.48,event_or_snap,normal,train
2013-10-16,21,1.48,weekday,normal,train
2013-10-17,23,1.48,weekday,normal,train
2013-10-18,23,1.48,weekday,normal,train
2013-10-19,29,1.48,weekend,normal,train
2013-10-20,41,1.48,weekend,normal,train
2013-10-21,17,1.48,weekday,normal,train
2013-10-22,17,1.48,weekday,normal,train
2013-10-23,19,1.48,weekday,normal,train
2013-10-24,21,1.48,weekday,low,train
2013-10-25,21,1.48,weekday,low,train
2013-10-26,28,1.48,weekend,low,train
2013-10-27,27,1.48,weekend,low,train
2013-10-28,25,1.48,weekday,low,train
2013-10-29,16,1.48,weekday,low,train
2013-10-30,34,1.48,weekday,low,train
2013-10-31,22,1.48,event_or_snap,normal,train
2013-11-01,18,1.48,event_or_snap,normal,train
2013-11-02,48,1.48,weekend,low,train
2013-11-03,31,1.48,event_or_snap,normal,train
2013-11-04,14,1.48,weekday,normal,train
2013-11-05,28,1.48,event_or_snap,normal,train
2013-11-06,24,1.48,event_or_snap,normal,train
2013-11-07,35,1.48,event_or_snap,normal,train
2013-11-08,25,1.48,weekday,normal,train
2013-11-09,32,1.48,event_or_snap,normal,train
2013-11-10,28,1.48,weekend,normal,train
2013-11-11,35,1.48,event_or_snap,normal,train
2013-11-12,12,1.48,event_or_snap,normal,train
2013-11-13,16,1.48,event_or_snap,normal,train
2013-11-14,19,1.48,weekday,normal,train
2013-11-15,16,1.48,event_or_snap,low,train
2013-11-16,29,1.48,weekend,low,train
2013-11-17,26,1.48,weekend,low,train
2013-11-18,30,1.48,weekday,low,train
2013-11-19,16,1.48,weekday,low,train
2013-11-20,14,1.48,weekday,low,train
2013-11-21,16,1.48,weekday,low,train
2013-11-22,22,1.48,weekday,low,train
2013-11-23,18,1.48,weekend,low,train
2013-11-24,29,1.48,weekend,low,train
2013-11-25,19,1.48,weekday,low,train
2013-11-26,13,1.48,weekday,low,train
2013-11-27,27,1.48,weekday,low,train
2013-11-28,39,1.48,event_or_snap,low,train
2013-11-29,25,1.48,weekday,low,train
2013-11-30,38,1.48,weekend,low,train
2013-12-01,21,1.48,event_or_snap,normal,train
2013-12-02,22,1.48,weekday,normal,train
2013-12-03,16,1.48,event_or_snap,normal,train
2013-12-04,21,1.48,weekday,normal,train
2013-12-05,14,1.48,event_or_snap,normal,train
2013-12-06,22,1.48,event_or_snap,low,train
2013-12-07,23,1.48,event_or_snap,low,train
2013-12-08,26,1.48,weekend,low,train
2013-12-09,13,1.48,event_or_snap,low,train
2013-12-10,14,1.48,weekday,low,train
2013-12-11,12,1.48,event_or_snap,low,train
2013-12-12,30,1.48,event_or_snap,low,train
2013-12-13,22,1.48,event_or_snap,low,train
2013-12-14,20,1.48,weekend,low,train
2013-12-15,28,1.48,event_or_snap,low,train
2013-12-16,13,1.48,weekday,low,train
2013-12-17,13,1.48,weekday,low,train
2013-12-18,24,1.48,weekday,low,train
2013-12-19,23,1.48,weekday,low,train
2013-12-20,21,1.48,weekday,low,train
2013-12-21,36,1.48,weekend,low,train
2013-12-22,37,1.48,weekend,low,train
2013-12-23,19,1.48,weekday,low,train
2013-12-24,25,1.48,weekday,normal,train
2013-12-25,0,1.48,event_or_snap,normal,train
2013-12-26,15,1.48,weekday,low,train
2013-12-27,9,1.48,weekday,low,train
2013-12-28,24,1.48,weekend,low,train
2013-12-29,31,1.48,weekend,low,train
2013-12-30,8,1.48,weekday,low,train
2013-12-31,19,1.48,weekday,low,train
2014-01-01,15,1.48,event_or_snap,low,train
2014-01-02,14,1.48,weekday,low,train
2014-01-03,16,1.48,event_or_snap,low,train
2014-01-04,24,1.48,weekend,low,train
2014-01-05,22,1.48,event_or_snap,low,train
2014-01-06,16,1.48,event_or_snap,low,train
2014-01-07,9,1.48,event_or_snap,low,train
2014-01-08,16,1.48,weekday,low,train
2014-01-09,24,1.48,event_or_snap,low,train
2014-01-10,18,1.48,weekday,low,train
2014-01-11,15,1.48,event_or_snap,low,train
2014-01-12,25,1.48,event_or_snap,low,train
2014-01-13,13,1.48,event_or_snap,low,train
2014-01-14,15,1.48,weekday,low,train
2014-01-15,17,1.48,event_or_snap,low,train
2014-01-16,18,1.48,weekday,low,train
2014-01-17,10,1.48,weekday,low,train
2014-01-18,12,1.48,weekend,low,train
2014-01-19,21,1.48,weekend,low,train
2014-01-20,10,1.48,event_or_snap,low,train
2014-01-21,8,1.48,weekday,low,train
2014-01-22,8,1.48,weekday,low,train
2014-01-23,13,1.48,weekday,low,train
2014-01-24,9,1.48,weekday,low,train
2014-01-25,10,1.48,weekend,low,train
2014-01-26,16,1.48,weekend,low,train
2014-01-27,10,1.48,weekday,low,train
2014-01-28,8,1.48,weekday,low,train
2014-01-29,9,1.48,weekday,low,train
2014-01-30,10,1.48,weekday,low,train
2014-01-31,15,1.48,weekday,low,train
2014-02-01,13,1.48,event_or_snap,low,train
2014-02-02,15,1.48,event_or_snap,low,train
2014-02-03,11,1.48,event_or_snap,low,train
2014-02-04,7,1.48,weekday,low,train
2014-02-05,11,1.48,event_or_snap,low,train
2014-02-06,7,1.48,event_or_snap,low,train
2014-02-07,11,1.48,event_or_snap,low,train
2014-02-08,19,1.48,weekend,low,train
2014-02-09,32,1.48,event_or_snap,low,train
2014-02-10,15,1.48,weekday,low,train
2014-02-11,11,1.48,event_or_snap,low,train
2014-02-12,14,1.48,event_or_snap,low,train
2014-02-13,21,1.48,event_or_snap,low,train
2014-02-14,19,1.48,event_or_snap,low,train
2014-02-15,20,1.48,event_or_snap,low,train
2014-02-16,35,1.48,weekend,low,train
2014-02-17,23,1.48,event_or_snap,low,train
2014-02-18,19,1.48,weekday,low,train
2014-02-19,11,1.48,weekday,low,train
2014-02-20,11,1.48,weekday,low,train
2014-02-21,10,1.48,weekday,low,train
2014-02-22,26,1.48,weekend,low,train
2014-02-23,36,1.48,weekend,low,train
2014-02-24,10,1.48,weekday,low,train
2014-02-25,21,1.48,weekday,low,train
2014-02-26,9,1.48,weekday,low,train
2014-02-27,22,1.48,weekday,low,train
2014-02-28,22,1.48,weekday,low,train
2014-03-01,34,1.48,event_or_snap,low,train
2014-03-02,27,1.48,weekend,low,train
2014-03-03,11,1.48,event_or_snap,low,train
2014-03-04,13,1.48,weekday,low,train
2014-03-05,19,1.48,event_or_snap,low,train
2014-03-06,18,1.48,event_or_snap,low,train
2014-03-07,9,1.48,event_or_snap,low,train
2014-03-08,21,1.48,weekend,low,train
2014-03-09,24,1.48,event_or_snap,low,train
2014-03-10,21,1.48,weekday,low,train
2014-03-11,35,1.48,event_or_snap,low,train
2014-03-12,24,1.48,event_or_snap,low,train
2014-03-13,19,1.48,event_or_snap,low,train
2014-03-14,21,1.48,weekday,low,train
2014-03-15,27,1.48,event_or_snap,low,train
2014-03-16,24,1.48,event_or_snap,normal,train
2014-03-17,22,1.48,event_or_snap,normal,train
2014-03-18,19,1.48,weekday,normal,train
2014-03-19,27,1.48,weekday,low,train
2014-03-20,23,1.48,weekday,low,train
2014-03-21,25,1.48,weekday,low,train
2014-03-22,28,1.48,weekend,low,train
2014-03-23,18,1.48,weekend,low,train
2014-03-24,14,1.48,weekday,low,train
2014-03-25,26,1.48,weekday,low,train
2014-03-26,12,1.48,weekday,low,train
2014-03-27,19,1.48,weekday,low,train
2014-03-28,27,1.48,weekday,low,train
2014-03-29,39,1.48,weekend,low,train
2014-03-30,49,1.48,weekend,low,train
2014-03-31,26,1.48,weekday,normal,train
2014-04-01,21,1.48,event_or_snap,normal,train
2014-04-02,25,1.48,weekday,normal,train
2014-04-03,32,1.48,event_or_snap,normal,train
2014-04-04,22,1.48,weekday,normal,train
2014-04-05,24,1.48,event_or_snap,normal,train
2014-04-06,15,1.48,event_or_snap,normal,train
2014-04-07,30,1.48,event_or_snap,low,train
2014-04-08,19,1.48,weekday,low,train
2014-04-09,20,1.48,event_or_snap,low,train
2014-04-10,21,1.48,weekday,low,train
2014-04-11,22,1.48,event_or_snap,low,train
2014-04-12,47,1.48,event_or_snap,low,train
2014-04-13,25,1.48,event_or_snap,normal,train
2014-04-14,17,1.48,weekday,normal,train
2014-04-15,28,1.48,event_or_snap,normal,train
2014-04-16,32,1.48,weekday,normal,train
2014-04-17,15,1.48,weekday,normal,train
2014-04-18,38,1.48,weekday,normal,train
2014-04-19,46,1.48,weekend,normal,train
2014-04-20,52,1.48,event_or_snap,normal,train
2014-04-21,18,1.48,weekday,normal,train
2014-04-22,6,1.48,event_or_snap,normal,train
2014-04-23,0,1.48,weekday,normal,train
2014-04-24,0,1.48,weekday,normal,train
2014-04-25,0,1.48,weekday,low,train
2014-04-26,43,1.58,weekend,low,train
2014-04-27,24,1.58,weekend,low,train
2014-04-28,38,1.58,weekday,low,train
2014-04-29,23,1.58,weekday,low,train
2014-04-30,12,1.58,weekday,low,train
2014-05-01,27,1.58,event_or_snap,low,train
2014-05-02,27,1.58,weekday,low,train
2014-05-03,54,1.58,event_or_snap,normal,train
2014-05-04,30,1.58,weekend,normal,train
2014-05-05,37,1.58,event_or_snap,normal,train
2014-05-06,24,1.58,event_or_snap,normal,train
2014-05-07,23,1.58,event_or_snap,normal,train
2014-05-08,9,1.58,weekday,normal,train
2014-05-09,28,1.58,event_or_snap,normal,train
2014-05-10,36,1.58,weekend,normal,train
2014-05-11,44,1.58,event_or_snap,normal,train
2014-05-12,35,1.58,event_or_snap,normal,train
2014-05-13,20,1.58,event_or_snap,normal,train
2014-05-14,12,1.58,weekday,normal,train
2014-05-15,25,1.58,event_or_snap,normal,train
2014-05-16,28,1.58,weekday,normal,train
2014-05-17,58,1.58,weekend,normal,train
2014-05-18,31,1.58,weekend,normal,train
2014-05-19,14,1.58,weekday,normal,train
2014-05-20,28,1.58,weekday,normal,train
2014-05-21,22,1.58,weekday,normal,train
2014-05-22,26,1.58,weekday,normal,train
2014-05-23,41,1.58,weekday,normal,train
2014-05-24,43,1.58,weekend,normal,train
2014-05-25,38,1.58,weekend,normal,train
2014-05-26,25,1.58,event_or_snap,normal,train
2014-05-27,11,1.58,weekday,normal,train
2014-05-28,18,1.58,weekday,normal,train
2014-05-29,26,1.58,weekday,normal,train
2014-05-30,30,1.58,weekday,normal,train
2014-05-31,26,1.58,weekend,normal,train
2014-06-01,30,1.58,event_or_snap,normal,train
2014-06-02,37,1.58,weekday,low,train
2014-06-03,25,1.58,event_or_snap,normal,train
2014-06-04,42,1.58,weekday,normal,train
2014-06-05,26,1.58,event_or_snap,normal,train
2014-06-06,44,1.58,event_or_snap,normal,train
2014-06-07,33,1.58,event_or_snap,normal,train
2014-06-08,27,1.58,weekend,high,train
2014-06-09,20,1.58,event_or_snap,high,train
2014-06-10,44,1.58,weekday,normal,train
2014-06-11,34,1.58,event_or_snap,high,train
2014-06-12,33,1.58,event_or_snap,normal,train
2014-06-13,24,1.58,event_or_snap,high,train
2014-06-14,44,1.58,weekend,normal,train
2014-06-15,36,1.58,event_or_snap,normal,train
2014-06-16,43,1.58,weekday,high,train
2014-06-17,23,1.58,weekday,high,train
2014-06-18,23,1.58,weekday,high,train
2014-06-19,19,1.58,weekday,normal,train
2014-06-20,29,1.58,weekday,normal,train
2014-06-21,38,1.58,weekend,normal,train
2014-06-22,27,1.58,weekend,normal,train
2014-06-23,32,1.58,weekday,normal,train
2014-06-24,22,1.58,weekday,normal,train
2014-06-25,20,1.58,weekday,normal,train
2014-06-26,17,1.58,weekday,normal,train
2014-06-27,18,1.58,weekday,normal,train
2014-06-28,27,1.58,weekend,normal,train
2014-06-29,27,1.58,event_or_snap,low,train
2014-06-30,24,1.58,weekday,low,train
2014-07-01,35,1.58,event_or_snap,low,train
2014-07-02,25,1.58,weekday,low,train
2014-07-03,33,1.58,event_or_snap,normal,train
2014-07-04,33,1.58,event_or_snap,normal,train
2014-07-05,14,1.58,event_or_snap,normal,train
2014-07-06,28,1.58,event_or_snap,normal,train
2014-07-07,19,1.58,event_or_snap,normal,train
2014-07-08,24,1.58,weekday,normal,train
2014-07-09,59,1.58,event_or_snap,normal,train
2014-07-10,46,1.58,weekday,normal,train
2014-07-11,42,1.58,event_or_snap,normal,train
2014-07-12,46,1.58,event_or_snap,high,train
2014-07-13,38,1.58,event_or_snap,high,train
2014-07-14,34,1.58,weekday,high,train
2014-07-15,36,1.58,event_or_snap,high,train
2014-07-16,16,1.58,weekday,high,train
2014-07-17,16,1.58,weekday,high,train
2014-07-18,20,1.58,weekday,normal,train
2014-07-19,31,1.58,weekend,normal,train
2014-07-20,35,1.58,weekend,normal,train
2014-07-21,35,1.58,weekday,normal,train
2014-07-22,34,1.58,weekday,normal,train
2014-07-23,26,1.58,weekday,normal,train
2014-07-24,22,1.58,weekday,normal,train
2014-07-25,27,1.58,weekday,normal,train
2014-07-26,38,1.58,weekend,normal,train
2014-07-27,38,1.58,weekend,normal,train
2014-07-28,32,1.58,weekday,normal,train
2014-07-29,22,1.58,event_or_snap,normal,train
2014-07-30,24,1.58,weekday,normal,train
2014-07-31,18,1.58,weekday,normal,train
2014-08-01,29,1.58,event_or_snap,normal,train
2014-08-02,29,1.58,weekend,normal,train
2014-08-03,41,1.58,event_or_snap,normal,train
2014-08-04,30,1.58,weekday,normal,train
2014-08-05,32,1.58,event_or_snap,normal,train
2014-08-06,30,1.58,event_or_snap,normal,train
2014-08-07,40,1.58,event_or_snap,normal,train
2014-08-08,41,1.58,weekday,normal,train
2014-08-09,45,1.58,event_or_snap,high,train
2014-08-10,30,1.58,weekend,high,train
2014-08-11,38,1.58,event_or_snap,high,train
2014-08-12,39,1.58,event_or_snap,high,train
2014-08-13,24,1.58,event_or_snap,high,train
2014-08-14,31,1.58,weekday,high,train
2014-08-15,38,1.58,event_or_snap,high,train
2014-08-16,42,1.58,weekend,high,train
2014-08-17,56,1.58,weekend,high,train
2014-08-18,34,1.58,weekday,high,train
2014-08-19,20,1.58,weekday,high,train
2014-08-20,25,1.58,weekday,high,train
2014-08-21,31,1.58,weekday,high,train
2014-08-22,36,1.58,weekday,high,train
2014-08-23,57,1.58,weekend,high,train
2014-08-24,51,1.58,weekend,high,train
2014-08-25,17,1.58,weekday,high,train
2014-08-26,35,1.58,weekday,high,train
2014-08-27,32,1.58,weekday,high,train
2014-08-28,27,1.58,weekday,high,train
2014-08-29,22,1.58,weekday,high,train
2014-08-30,47,1.58,weekend,high,train
2014-08-31,26,1.58,weekend,normal,train
2014-09-01,61,1.58,event_or_snap,normal,train
2014-09-02,33,1.58,weekday,high,train
2014-09-03,20,1.58,event_or_snap,high,train
2014-09-04,35,1.58,weekday,high,train
2014-09-05,24,1.58,event_or_snap,high,train
2014-09-06,55,1.58,event_or_snap,high,train
2014-09-07,34,1.58,event_or_snap,high,train
2014-09-08,21,1.58,weekday,high,train
2014-09-09,30,1.58,event_or_snap,normal,train
2014-09-10,43,1.58,weekday,normal,train
2014-09-11,32,1.58,event_or_snap,high,train
2014-09-12,29,1.58,event_or_snap,high,train
2014-09-13,24,1.58,event_or_snap,high,train
2014-09-14,34,1.58,weekend,normal,train
2014-09-15,27,1.58,event_or_snap,normal,train
2014-09-16,15,1.58,weekday,normal,train
2014-09-17,13,1.58,weekday,normal,train
2014-09-18,16,1.58,weekday,normal,train
2014-09-19,22,1.58,weekday,low,train
2014-09-20,35,1.58,weekend,low,train
2014-09-21,40,1.58,weekend,low,train
2014-09-22,23,1.58,weekday,low,train
2014-09-23,27,1.58,weekday,low,train
2014-09-24,22,1.58,weekday,normal,train
2014-09-25,27,1.58,weekday,normal,train
2014-09-26,33,1.58,weekday,normal,train
2014-09-27,20,1.58,weekend,normal,train
2014-09-28,29,1.58,weekend,normal,train
2014-09-29,19,1.58,weekday,normal,train
2014-09-30,21,1.58,weekday,normal,train
2014-10-01,40,1.58,event_or_snap,normal,train
2014-10-02,43,1.58,weekday,normal,train
2014-10-03,35,1.58,event_or_snap,normal,train
2014-10-04,35,1.58,event_or_snap,normal,train
2014-10-05,19,1.58,event_or_snap,normal,train
2014-10-06,31,1.58,event_or_snap,normal,train
2014-10-07,39,1.58,event_or_snap,normal,train
2014-10-08,25,1.58,weekday,high,train
2014-10-09,27,1.58,event_or_snap,normal,train
2014-10-10,47,1.58,weekday,normal,train
2014-10-11,49,1.58,event_or_snap,normal,train
2014-10-12,45,1.58,event_or_snap,high,train
2014-10-13,15,1.58,event_or_snap,high,train
2014-10-14,30,1.58,weekday,high,train
2014-10-15,24,1.58,event_or_snap,high,train
2014-10-16,24,1.58,weekday,high,train
2014-10-17,39,1.58,weekday,high,train
2014-10-18,45,1.58,weekend,normal,validation
2014-10-19,25,1.58,weekend,normal,validation
2014-10-20,18,1.58,weekday,normal,validation
2014-10-21,21,1.58,weekday,normal,validation
2014-10-22,19,1.58,weekday,normal,validation
2014-10-23,20,1.58,weekday,normal,validation
2014-10-24,16,1.58,weekday,normal,validation
2014-10-25,35,1.58,weekend,low,validation
2014-10-26,27,1.58,weekend,low,validation
2014-10-27,7,1.58,weekday,low,validation
2014-10-28,18,1.58,weekday,low,validation
2014-10-29,15,1.58,weekday,low,validation
2014-10-30,23,1.58,weekday,low,validation
2014-10-31,32,1.58,event_or_snap,low,validation
2014-11-01,26,1.58,event_or_snap,low,validation
2014-11-02,20,1.58,weekend,low,validation
2014-11-03,21,1.58,event_or_snap,low,validation
2014-11-04,17,1.58,weekday,low,validation
2014-11-05,11,1.58,event_or_snap,low,validation
2014-11-06,13,1.58,event_or_snap,low,validation
2014-11-07,23,1.58,event_or_snap,low,validation
2014-11-08,33,1.58,weekend,low,validation
2014-11-09,24,1.58,event_or_snap,low,validation
2014-11-10,17,1.58,weekday,low,validation
2014-11-11,13,1.58,event_or_snap,low,validation
2014-11-12,18,1.58,event_or_snap,low,validation
2014-11-13,12,1.58,event_or_snap,low,validation
2014-11-14,8,1.58,weekday,low,validation
2014-11-15,22,1.58,event_or_snap,low,validation
2014-11-16,11,1.58,weekend,low,validation
2014-11-17,13,1.58,weekday,low,validation
2014-11-18,10,1.58,weekday,low,validation
2014-11-19,12,1.58,weekday,low,validation
2014-11-20,17,1.58,weekday,low,validation
2014-11-21,18,1.58,weekday,low,validation
2014-11-22,36,1.58,weekend,low,validation
2014-11-23,35,1.58,weekend,low,validation
2014-11-24,13,1.58,weekday,low,validation
2014-11-25,19,1.58,weekday,low,validation
2014-11-26,12,1.58,weekday,low,validation
2014-11-27,32,1.58,event_or_snap,low,validation
2014-11-28,21,1.58,weekday,low,validation
2014-11-29,11,1.58,weekend,low,validation
2014-11-30,18,1.58,weekend,low,validation
2014-12-01,11,1.58,event_or_snap,low,validation
2014-12-02,10,1.58,weekday,low,validation
2014-12-03,15,1.58,event_or_snap,low,validation
2014-12-04,17,1.58,weekday,low,validation
2014-12-05,15,1.58,event_or_snap,low,validation
2014-12-06,43,1.58,event_or_snap,low,validation
2014-12-07,31,1.58,event_or_snap,low,validation
2014-12-08,19,1.58,weekday,low,validation
2014-12-09,24,1.58,event_or_snap,low,validation
2014-12-10,18,1.58,weekday,low,validation
2014-12-11,26,1.58,event_or_snap,low,validation
2014-12-12,26,1.58,event_or_snap,normal,validation
2014-12-13,31,1.58,event_or_snap,normal,validation
2014-12-14,26,1.58,weekend,normal,validation
2014-12-15,28,1.58,event_or_snap,low,validation
2014-12-16,25,1.58,weekday,normal,validation
2014-12-17,19,1.58,weekday,normal,validation
2014-12-18,36,1.58,weekday,normal,validation
2014-12-19,26,1.58,weekday,normal,validation
2014-12-20,35,1.58,weekend,normal,validation
2014-12-21,27,1.58,weekend,normal,validation
2014-12-22,22,1.58,weekday,normal,validation
2014-12-23,28,1.58,weekday,normal,validation
2014-12-24,28,1.58,event_or_snap,normal,validation
2014-12-25,0,1.58,event_or_snap,normal,validation
2014-12-26,34,1.58,weekday,low,validation
2014-12-27,29,1.58,weekend,normal,validation
2014-12-28,14,1.58,weekend,low,validation
2014-12-29,10,1.58,weekday,low,validation
2014-12-30,17,1.58,weekday,low,validation
2014-12-31,15,1.58,weekday,low,validation
2015-01-01,7,1.58,event_or_snap,low,validation
2015-01-02,27,1.58,weekday,low,validation
2015-01-03,19,1.58,event_or_snap,low,validation
2015-01-04,18,1.58,weekend,low,validation
2015-01-05,23,1.58,event_or_snap,low,validation
2015-01-06,18,1.58,event_or_snap,low,validation
2015-01-07,22,1.58,event_or_snap,low,validation
2015-01-08,16,1.58,weekday,low,validation
2015-01-09,8,1.58,event_or_snap,low,validation
2015-01-10,25,1.58,weekend,low,validation
2015-01-11,28,1.58,event_or_snap,low,validation
2015-01-12,12,1.58,event_or_snap,low,validation
2015-01-13,15,1.58,event_or_snap,low,validation
2015-01-14,14,1.58,weekday,low,validation
2015-01-15,15,1.58,event_or_snap,low,validation
2015-01-16,23,1.58,weekday,low,validation
2015-01-17,16,1.58,weekend,low,validation
2015-01-18,25,1.58,weekend,low,validation
2015-01-19,29,1.58,event_or_snap,low,validation
2015-01-20,16,1.58,weekday,low,validation
2015-01-21,10,1.58,weekday,low,validation
2015-01-22,15,1.58,weekday,low,validation
2015-01-23,14,1.58,weekday,low,validation
2015-01-24,18,1.58,weekend,low,validation
2015-01-25,25,1.58,weekend,low,validation
2015-01-26,17,1.58,weekday,low,validation
2015-01-27,15,1.58,weekday,low,validation
2015-01-28,14,1.58,weekday,low,validation
2015-01-29,13,1.58,weekday,low,validation
2015-01-30,23,1.58,weekday,low,validation
2015-01-31,33,1.58,weekend,low,validation
2015-02-01,24,1.58,event_or_snap,low,validation
2015-02-02,18,1.58,weekday,low,validation
2015-02-03,20,1.58,event_or_snap,low,validation
2015-02-04,22,1.58,weekday,low,validation
2015-02-05,13,1.58,event_or_snap,low,validation
2015-02-06,34,1.58,event_or_snap,low,validation
2015-02-07,24,1.58,event_or_snap,low,validation
2015-02-08,35,1.58,weekend,low,validation
2015-02-09,19,1.58,event_or_snap,low,validation
2015-02-10,17,1.58,weekday,low,validation
2015-02-11,34,1.58,event_or_snap,low,validation
2015-02-12,14,1.58,event_or_snap,normal,validation
2015-02-13,23,1.58,event_or_snap,normal,validation
2015-02-14,27,1.58,event_or_snap,low,validation
2015-02-15,39,1.58,event_or_snap,low,validation
2015-02-16,24,1.58,event_or_snap,normal,validation
2015-02-17,22,1.58,weekday,normal,validation
2015-02-18,19,1.58,event_or_snap,normal,validation
2015-02-19,30,1.58,weekday,low,validation
2015-02-20,25,1.58,weekday,normal,validation
2015-02-21,37,1.58,weekend,normal,validation
2015-02-22,42,1.58,weekend,normal,validation
2015-02-23,14,1.58,weekday,normal,validation
2015-02-24,18,1.58,weekday,normal,validation
2015-02-25,19,1.58,event_or_snap,normal,validation
2015-02-26,32,1.58,weekday,normal,validation
2015-02-27,20,1.58,weekday,normal,validation
2015-02-28,36,1.58,weekend,normal,validation
2015-03-01,35,1.58,event_or_snap,normal,validation
2015-03-02,9,1.58,weekday,normal,validation
2015-03-03,28,1.58,event_or_snap,low,validation
2015-03-04,26,1.58,weekday,normal,validation
2015-03-05,12,1.58,event_or_snap,normal,validation
2015-03-06,16,1.58,event_or_snap,low,validation
2015-03-07,35,1.58,event_or_snap,low,validation
2015-03-08,20,1.58,weekend,low,validation
2015-03-09,22,1.58,event_or_snap,low,validation
2015-03-10,24,1.58,weekday,low,validation
2015-03-11,31,1.58,event_or_snap,low,validation
2015-03-12,15,1.58,event_or_snap,low,validation
2015-03-13,35,1.58,event_or_snap,low,validation
2015-03-14,30,1.58,weekend,normal,validation
2015-03-15,50,1.58,event_or_snap,normal,validation
2015-03-16,29,1.58,weekday,normal,validation
2015-03-17,21,1.58,event_or_snap,normal,validation
2015-03-18,41,1.58,weekday,normal,validation
2015-03-19,25,1.58,weekday,normal,validation
2015-03-20,38,1.58,weekday,normal,validation
2015-03-21,26,1.58,weekend,high,validation
2015-03-22,46,1.58,weekend,normal,validation
2015-03-23,32,1.58,weekday,normal,validation
2015-03-24,32,1.58,weekday,normal,validation
2015-03-25,33,1.58,weekday,high,validation
2015-03-26,25,1.58,weekday,high,validation
2015-03-27,30,1.58,weekday,high,validation
2015-03-28,44,1.58,weekend,normal,validation
2015-03-29,33,1.58,weekend,high,validation
2015-03-30,22,1.58,weekday,normal,validation
2015-03-31,12,1.58,weekday,normal,validation
2015-04-01,10,1.58,event_or_snap,normal,validation
2015-04-02,4,1.58,weekday,normal,validation
2015-04-03,34,1.58,event_or_snap,low,validation
2015-04-04,59,1.58,weekend,low,validation
2015-04-05,38,1.58,event_or_snap,normal,validation
2015-04-06,36,1.58,event_or_snap,normal,validation
2015-04-07,24,1.58,event_or_snap,normal,validation
2015-04-08,29,1.58,weekday,normal,validation
2015-04-09,28,1.58,event_or_snap,normal,validation
2015-04-10,22,1.58,weekday,high,validation
2015-04-11,33,1.58,event_or_snap,high,validation
2015-04-12,25,1.58,event_or_snap,normal,validation
2015-04-13,31,1.58,event_or_snap,normal,validation
2015-04-14,30,1.58,weekday,normal,validation
2015-04-15,34,1.58,event_or_snap,normal,validation
2015-04-16,29,1.58,weekday,normal,validation
2015-04-17,27,1.58,weekday,normal,validation
2015-04-18,31,1.58,weekend,normal,validation
2015-04-19,66,1.58,weekend,normal,validation
2015-04-20,28,1.58,weekday,high,validation
2015-04-21,18,1.58,weekday,high,validation
2015-04-22,26,1.58,weekday,high,validation
2015-04-23,34,1.58,weekday,normal,validation
2015-04-24,34,1.58,weekday,normal,validation
2015-04-25,36,1.58,weekend,high,validation
2015-04-26,37,1.58,weekend,high,validation
2015-04-27,13,1.58,weekday,normal,validation
2015-04-28,14,1.58,weekday,normal,validation
2015-04-29,20,1.58,weekday,normal,validation
2015-04-30,35,1.58,weekday,normal,validation
2015-05-01,24,1.58,event_or_snap,normal,validation
2015-05-02,40,1.58,weekend,normal,validation
2015-05-03,40,1.58,event_or_snap,normal,validation
2015-05-04,16,1.58,weekday,normal,validation
2015-05-05,23,1.58,event_or_snap,normal,validation
2015-05-06,16,1.58,event_or_snap,normal,validation
2015-05-07,31,1.58,event_or_snap,normal,validation
2015-05-08,23,1.58,weekday,normal,validation
2015-05-09,18,1.58,event_or_snap,normal,validation
2015-05-10,19,1.58,event_or_snap,low,validation
2015-05-11,37,1.58,event_or_snap,low,validation
2015-05-12,14,1.58,event_or_snap,low,validation
2015-05-13,14,1.58,event_or_snap,low,validation
2015-05-14,26,1.58,weekday,low,validation
2015-05-15,30,1.58,event_or_snap,low,validation
2015-05-16,26,1.58,weekend,low,validation
2015-05-17,26,1.58,weekend,low,validation
2015-05-18,18,1.58,weekday,normal,validation
2015-05-19,27,1.58,weekday,low,validation
2015-05-20,26,1.58,weekday,low,validation
2015-05-21,29,1.58,weekday,normal,validation
2015-05-22,30,1.58,weekday,normal,validation
2015-05-23,43,1.58,weekend,normal,validation
2015-05-24,26,1.58,weekend,normal,validation
2015-05-25,39,1.58,event_or_snap,normal,validation
2015-05-26,20,1.58,weekday,normal,validation
2015-05-27,14,1.58,weekday,normal,validation
2015-05-28,19,1.58,weekday,normal,validation
2015-05-29,25,1.58,weekday,normal,validation
2015-05-30,23,1.58,weekend,normal,validation
2015-05-31,26,1.58,weekend,low,validation
2015-06-01,35,1.58,event_or_snap,low,validation
2015-06-02,23,1.58,weekday,low,validation
2015-06-03,13,1.58,event_or_snap,low,validation
2015-06-04,16,1.58,event_or_snap,low,validation
2015-06-05,7,1.58,event_or_snap,low,validation
2015-06-06,14,1.58,event_or_snap,low,validation
2015-06-07,34,1.58,event_or_snap,low,validation
2015-06-08,28,1.58,weekday,low,validation
2015-06-09,15,1.58,event_or_snap,low,validation
2015-06-10,2,1.58,weekday,low,validation
2015-06-11,14,1.58,event_or_snap,low,validation
2015-06-12,41,1.58,event_or_snap,low,validation
2015-06-13,27,1.58,event_or_snap,low,validation
2015-06-14,32,1.58,weekend,low,validation
2015-06-15,17,1.58,event_or_snap,low,validation
2015-06-16,9,1.58,event_or_snap,low,validation
2015-06-17,3,1.58,weekday,low,validation
2015-06-18,22,1.58,event_or_snap,low,validation
2015-06-19,40,1.58,weekday,low,validation
2015-06-20,41,1.58,weekend,low,validation
2015-06-21,29,1.58,event_or_snap,low,validation
2015-06-22,14,1.58,weekday,low,validation
2015-06-23,29,1.58,weekday,low,validation
2015-06-24,36,1.58,weekday,normal,validation
2015-06-25,26,1.58,weekday,normal,validation
2015-06-26,27,1.58,weekday,normal,validation
2015-06-27,40,1.58,weekend,normal,validation
2015-06-28,23,1.58,weekend,normal,validation
2015-06-29,14,1.58,weekday,normal,validation
2015-06-30,6,1.58,weekday,normal,validation
2015-07-01,15,1.58,event_or_snap,normal,validation
2015-07-02,20,1.58,weekday,low,validation
2015-07-03,40,1.58,event_or_snap,low,validation
2015-07-04,24,1.58,event_or_snap,low,validation
2015-07-05,37,1.58,event_or_snap,low,validation
2015-07-06,29,1.58,event_or_snap,low,validation
2015-07-07,23,1.58,event_or_snap,normal,validation
2015-07-08,41,1.58,weekday,normal,validation
2015-07-09,34,1.58,event_or_snap,normal,validation
2015-07-10,21,1.58,weekday,normal,validation
2015-07-11,39,1.58,event_or_snap,normal,validation
2015-07-12,46,1.58,event_or_snap,normal,validation
2015-07-13,33,1.58,event_or_snap,high,validation
2015-07-14,44,1.58,weekday,high,validation
2015-07-15,25,1.58,event_or_snap,high,validation
2015-07-16,32,1.58,weekday,high,validation
2015-07-17,40,1.58,weekday,high,validation
2015-07-18,49,1.58,event_or_snap,high,validation
2015-07-19,67,1.58,weekend,high,validation
2015-07-20,31,1.58,weekday,high,validation
2015-07-21,34,1.58,weekday,high,validation
2015-07-22,38,1.58,weekday,high,validation
2015-07-23,58,1.58,weekday,high,validation
2015-07-24,64,1.58,weekday,high,validation
2015-07-25,66,1.58,weekend,high,validation
2015-07-26,85,1.58,weekend,high,validation
2015-07-27,43,1.58,weekday,high,validation
2015-07-28,38,1.58,weekday,high,validation
2015-07-29,49,1.58,weekday,high,validation
2015-07-30,26,1.58,weekday,high,validation
2015-07-31,52,1.58,weekday,high,validation
2015-08-01,75,1.58,event_or_snap,high,validation
2015-08-02,67,1.58,weekend,high,validation
2015-08-03,36,1.58,event_or_snap,high,validation
2015-08-04,30,1.58,weekday,high,validation
2015-08-05,46,1.58,event_or_snap,high,test
2015-08-06,44,1.58,event_or_snap,high,test
2015-08-07,64,1.58,event_or_snap,high,test
2015-08-08,89,1.58,weekend,high,test
2015-08-09,109,1.58,event_or_snap,high,test
2015-08-10,33,1.58,weekday,high,test
2015-08-11,53,1.58,event_or_snap,high,test
2015-08-12,61,1.58,event_or_snap,high,test
2015-08-13,18,1.58,event_or_snap,high,test
2015-08-14,49,1.58,weekday,high,test
2015-08-15,55,1.58,event_or_snap,high,test
2015-08-16,63,1.58,weekend,high,test
2015-08-17,45,1.58,weekday,high,test
2015-08-18,42,1.58,weekday,high,test
2015-08-19,31,1.58,weekday,high,test
2015-08-20,29,1.58,weekday,high,test
2015-08-21,40,1.58,weekday,high,test
2015-08-22,87,1.58,weekend,high,test
2015-08-23,45,1.58,weekend,high,test
2015-08-24,52,1.58,weekday,high,test
2015-08-25,29,1.58,weekday,high,test
2015-08-26,46,1.58,weekday,high,test
2015-08-27,32,1.58,weekday,high,test
2015-08-28,39,1.58,weekday,high,test
2015-08-29,47,1.58,weekend,high,test
2015-08-30,51,1.58,weekend,high,test
2015-08-31,30,1.58,weekday,high,test
2015-09-01,29,1.58,event_or_snap,high,test
2015-09-02,24,1.58,weekday,high,test
2015-09-03,34,1.58,event_or_snap,high,test
2015-09-04,31,1.58,weekday,high,test
2015-09-05,49,1.58,event_or_snap,high,test
2015-09-06,67,1.58,event_or_snap,high,test
2015-09-07,44,1.58,event_or_snap,high,test
2015-09-08,24,1.58,weekday,high,test
2015-09-09,24,1.58,event_or_snap,high,test
2015-09-10,19,1.58,weekday,high,test
2015-09-11,16,1.58,event_or_snap,high,test
2015-09-12,50,1.58,event_or_snap,high,test
2015-09-13,43,1.58,event_or_snap,high,test
2015-09-14,17,1.58,weekday,normal,test
2015-09-15,30,1.58,event_or_snap,normal,test
2015-09-16,42,1.58,weekday,normal,test
2015-09-17,24,1.58,weekday,normal,test
2015-09-18,31,1.58,weekday,normal,test
2015-09-19,39,1.58,weekend,high,test
2015-09-20,45,1.58,weekend,normal,test
2015-09-21,28,1.58,weekday,normal,test
2015-09-22,23,1.58,weekday,high,test
2015-09-23,29,1.58,weekday,high,test
2015-09-24,30,1.58,event_or_snap,normal,test
2015-09-25,42,1.58,weekday,normal,test
2015-09-26,49,1.58,weekend,high,test
2015-09-27,26,1.58,weekend,high,test
2015-09-28,14,1.58,weekday,normal,test
2015-09-29,30,1.58,weekday,normal,test
2015-09-30,26,1.58,weekday,normal,test
2015-10-01,41,1.58,event_or_snap,normal,test
2015-10-02,30,1.58,weekday,normal,test
2015-10-03,50,1.58,event_or_snap,normal,test
2015-10-04,48,1.58,weekend,normal,test
2015-10-05,30,1.58,event_or_snap,high,test
2015-10-06,30,1.58,event_or_snap,high,test
2015-10-07,30,1.58,event_or_snap,high,test
2015-10-08,28,1.58,weekday,high,test
2015-10-09,47,1.58,event_or_snap,high,test
2015-10-10,48,1.58,weekend,high,test
2015-10-11,49,1.58,event_or_snap,high,test
2015-10-12,32,1.58,event_or_snap,high,test
2015-10-13,34,1.58,event_or_snap,high,test
2015-10-14,32,1.58,weekday,high,test
2015-10-15,37,1.58,event_or_snap,high,test
2015-10-16,41,1.58,weekday,high,test
2015-10-17,50,1.58,weekend,high,test
2015-10-18,32,1.58,weekend,high,test
2015-10-19,10,1.58,weekday,high,test
2015-10-20,17,1.58,weekday,high,test
2015-10-21,23,1.58,weekday,normal,test
2015-10-22,38,1.58,weekday,normal,test
2015-10-23,39,1.58,weekday,normal,test
2015-10-24,28,1.58,weekend,normal,test
2015-10-25,35,1.58,weekend,normal,test
2015-10-26,19,1.58,weekday,normal,test
2015-10-27,31,1.58,weekday,normal,test
2015-10-28,31,1.58,weekday,normal,test
2015-10-29,29,1.58,weekday,normal,test
2015-10-30,29,1.58,weekday,normal,test
2015-10-31,49,1.58,event_or_snap,normal,test
2015-11-01,20,1.58,event_or_snap,normal,test
2015-11-02,23,1.58,weekday,normal,test
2015-11-03,19,1.58,event_or_snap,normal,test
2015-11-04,19,1.58,weekday,normal,test
2015-11-05,25,1.58,event_or_snap,normal,test
2015-11-06,23,1.58,event_or_snap,normal,test
2015-11-07,35,1.58,event_or_snap,normal,test
2015-11-08,43,1.58,weekend,low,test
2015-11-09,30,1.58,event_or_snap,normal,test
2015-11-10,16,1.58,weekday,normal,test
2015-11-11,39,1.58,event_or_snap,normal,test
2015-11-12,20,1.58,event_or_snap,normal,test
2015-11-13,26,1.58,event_or_snap,normal,test
2015-11-14,36,1.58,weekend,normal,test
2015-11-15,36,1.58,event_or_snap,normal,test
2015-11-16,19,1.58,weekday,normal,test
2015-11-17,19,1.58,weekday,normal,test
2015-11-18,20,1.58,weekday,normal,test
2015-11-19,26,1.58,weekday,normal,test
2015-11-20,24,1.58,weekday,normal,test
2015-11-21,36,1.58,weekend,normal,test
2015-11-22,43,1.58,weekend,normal,test
2015-11-23,42,1.58,weekday,normal,test
2015-11-24,39,1.58,weekday,normal,test
2015-11-25,21,1.58,weekday,normal,test
2015-11-26,62,1.58,event_or_snap,normal,test
2015-11-27,41,1.58,weekday,high,test
2015-11-28,33,1.58,weekend,high,test
2015-11-29,44,1.58,weekend,high,test
2015-11-30,29,1.58,weekday,high,test
2015-12-01,32,1.58,event_or_snap,high,test
2015-12-02,33,1.58,weekday,high,test
2015-12-03,32,1.58,event_or_snap,high,test
2015-12-04,42,1.58,weekday,high,test
2015-12-05,52,1.58,event_or_snap,high,test
2015-12-06,30,1.58,event_or_snap,high,test
2015-12-07,36,1.58,event_or_snap,high,test
2015-12-08,20,1.58,weekday,high,test
2015-12-09,15,1.58,event_or_snap,high,test
2015-12-10,30,1.58,weekday,normal,test
2015-12-11,37,1.58,event_or_snap,normal,test
2015-12-12,46,1.58,event_or_snap,normal,test
2015-12-13,40,1.58,event_or_snap,normal,test
2015-12-14,47,1.58,event_or_snap,normal,test
2015-12-15,21,1.58,event_or_snap,high,test
2015-12-16,23,1.58,weekday,high,test
2015-12-17,40,1.58,weekday,high,test
2015-12-18,25,1.58,weekday,high,test
2015-12-19,24,1.58,weekend,high,test
2015-12-20,35,1.58,weekend,normal,test
2015-12-21,30,1.58,weekday,normal,test
2015-12-22,28,1.58,weekday,normal,test
2015-12-23,40,1.58,weekday,normal,test
2015-12-24,31,1.58,weekday,normal,test
2015-12-25,1,1.58,event_or_snap,normal,test
2015-12-26,40,1.58,weekend,normal,test
2015-12-27,30,1.58,weekend,normal,test
2015-12-28,17,1.58,weekday,normal,test
2015-12-29,28,1.58,weekday,normal,test
2015-12-30,23,1.58,weekday,normal,test
2015-12-31,18,1.58,weekday,low,test
2016-01-01,21,1.58,event_or_snap,low,test
2016-01-02,22,1.58,weekend,normal,test
2016-01-03,39,1.58,event_or_snap,low,test
2016-01-04,17,1.58,weekday,low,test
2016-01-05,12,1.58,event_or_snap,low,test
2016-01-06,20,1.58,event_or_snap,low,test
2016-01-07,17,1.58,event_or_snap,low,test
2016-01-08,20,1.58,weekday,low,test
2016-01-09,22,1.58,event_or_snap,low,test
2016-01-10,28,1.58,weekend,low,test
2016-01-11,20,1.58,event_or_snap,low,test
2016-01-12,7,1.58,event_or_snap,low,test
2016-01-13,26,1.58,event_or_snap,low,test
2016-01-14,26,1.58,weekday,low,test
2016-01-15,37,1.58,event_or_snap,low,test
2016-01-16,17,1.58,weekend,low,test
2016-01-17,31,1.58,weekend,low,test
2016-01-18,31,1.58,event_or_snap,low,test
2016-01-19,15,1.58,weekday,normal,test
2016-01-20,20,1.58,weekday,normal,test
2016-01-21,11,1.58,weekday,normal,test
2016-01-22,25,1.58,weekday,low,test
2016-01-23,19,1.58,weekend,low,test
2016-01-24,25,1.58,weekend,low,test
2016-01-25,19,1.58,weekday,low,test
2016-01-26,8,1.58,weekday,low,test
2016-01-27,14,1.58,weekday,low,test
2016-01-28,20,1.58,weekday,low,test
2016-01-29,21,1.58,weekday,low,test
2016-01-30,28,1.58,weekend,low,test
2016-01-31,31,1.58,weekend,low,test
2016-02-01,15,1.58,event_or_snap,low,test
2016-02-02,19,1.58,weekday,low,test
2016-02-03,25,1.58,event_or_snap,low,test
2016-02-04,18,1.58,weekday,low,test
2016-02-05,25,1.58,event_or_snap,low,test
2016-02-06,37,1.58,event_or_snap,low,test
2016-02-07,34,1.58,event_or_snap,low,test
2016-02-08,14,1.58,weekday,normal,test
2016-02-09,18,1.58,event_or_snap,normal,test
2016-02-10,22,1.58,event_or_snap,normal,test
2016-02-11,31,1.58,event_or_snap,low,test
2016-02-12,35,1.58,event_or_snap,normal,test
2016-02-13,47,1.58,event_or_snap,normal,test
2016-02-14,45,1.58,event_or_snap,normal,test
2016-02-15,22,1.58,event_or_snap,normal,test
2016-02-16,31,1.58,weekday,normal,test
2016-02-17,39,1.58,event_or_snap,high,test
2016-02-18,34,1.58,weekday,high,test
2016-02-19,48,1.58,weekday,high,test
2016-02-20,35,1.58,weekend,high,test
2016-02-21,37,1.58,weekend,high,test
2016-02-22,25,1.58,weekday,high,test
2016-02-23,22,1.58,weekday,high,test
2016-02-24,18,1.58,weekday,high,test
2016-02-25,23,1.58,weekday,normal,test
2016-02-26,26,1.58,weekday,normal,test
2016-02-27,30,1.58,weekend,normal,test
2016-02-28,27,1.58,weekend,normal,test
2016-02-29,15,1.58,weekday,normal,test
2016-03-01,4,1.58,event_or_snap,low,test
2016-03-02,14,1.58,weekday,low,test
2016-03-03,31,1.58,event_or_snap,low,test
2016-03-04,21,1.58,weekday,low,test
2016-03-05,37,1.58,event_or_snap,low,test
2016-03-06,28,1.58,event_or_snap,low,test
2016-03-07,15,1.58,event_or_snap,low,test
2016-03-08,13,1.58,weekday,low,test
2016-03-09,13,1.58,event_or_snap,low,test
2016-03-10,33,1.58,weekday,low,test
2016-03-11,44,1.58,event_or_snap,low,test
2016-03-12,42,1.58,event_or_snap,normal,test
2016-03-13,50,1.58,event_or_snap,normal,test
2016-03-14,30,1.58,weekday,normal,test
2016-03-15,34,1.58,event_or_snap,normal,test
2016-03-16,23,1.58,weekday,high,test
2016-03-17,36,1.58,event_or_snap,high,test
2016-03-18,27,1.58,weekday,high,test
2016-03-19,36,1.58,weekend,high,test
2016-03-20,36,1.58,weekend,high,test
2016-03-21,27,1.58,weekday,normal,test
2016-03-22,21,1.58,weekday,normal,test
2016-03-23,28,1.58,weekday,normal,test
2016-03-24,31,1.58,event_or_snap,normal,test
2016-03-25,35,1.58,weekday,normal,test
2016-03-26,55,1.58,weekend,normal,test
2016-03-27,56,1.58,event_or_snap,high,test
2016-03-28,26,1.58,weekday,high,test
2016-03-29,9,1.58,weekday,high,test
2016-03-30,12,1.58,weekday,high,test
2016-03-31,34,1.58,weekday,normal,test
2016-04-01,32,1.58,event_or_snap,normal,test
2016-04-02,36,1.58,weekend,normal,test
2016-04-03,35,1.58,event_or_snap,normal,test
2016-04-04,28,1.58,weekday,normal,test
2016-04-05,32,1.58,event_or_snap,normal,test
2016-04-06,30,1.58,event_or_snap,normal,test
2016-04-07,37,1.58,event_or_snap,normal,test
2016-04-08,27,1.58,weekday,normal,test
2016-04-09,55,1.58,event_or_snap,normal,test
2016-04-10,38,1.58,weekend,high,test
2016-04-11,23,1.58,event_or_snap,high,test
2016-04-12,23,1.58,event_or_snap,high,test
2016-04-13,26,1.58,event_or_snap,high,test
2016-04-14,26,1.58,weekday,normal,test
2016-04-15,27,1.58,event_or_snap,normal,test
2016-04-16,31,1.58,weekend,normal,test
2016-04-17,35,1.58,weekend,normal,test
2016-04-18,17,1.58,weekday,normal,test
2016-04-19,31,1.58,weekday,normal,test
2016-04-20,36,1.58,weekday,normal,test
2016-04-21,32,1.58,weekday,normal,test
2016-04-22,17,1.58,weekday,normal,test
2016-04-23,55,1.58,weekend,normal,test
2016-04-24,35,1.58,weekend,normal,test
2016-04-25,28,1.58,weekday,normal,test
2016-04-26,32,1.58,weekday,high,test
2016-04-27,25,1.58,weekday,high,test
2016-04-28,24,1.58,weekday,normal,test
2016-04-29,40,1.58,weekday,normal,test
2016-04-30,60,1.58,event_or_snap,high,test
2016-05-01,31,1.58,event_or_snap,high,test
2016-05-02,30,1.58,weekday,high,test
2016-05-03,24,1.58,event_or_snap,high,test
2016-05-04,31,1.58,weekday,high,test
2016-05-05,41,1.58,event_or_snap,high,test
2016-05-06,39,1.58,event_or_snap,high,test
2016-05-07,54,1.58,event_or_snap,high,test
2016-05-08,32,1.58,event_or_snap,high,test
2016-05-09,36,1.58,event_or_snap,high,test
2016-05-10,41,1.58,weekday,high,test
2016-05-11,48,1.58,event_or_snap,high,test
2016-05-12,39,1.58,event_or_snap,high,test
2016-05-13,45,1.58,event_or_snap,high,test
2016-05-14,44,1.58,weekend,high,test
2016-05-15,35,1.58,event_or_snap,high,test
2016-05-16,20,1.58,weekday,high,test
2016-05-17,33,1.58,weekday,high,test
2016-05-18,34,1.58,weekday,high,test
2016-05-19,20,1.58,weekday,high,test
2016-05-20,41,1.58,weekday,normal,test
2016-05-21,41,1.58,weekend,normal,test
2016-05-22,56,1.58,weekend,normal,test
